id,character_id,lang,name,created_at
00df9321-0bfd-51aa-a678-9092164eea2b,f8037fef-ce03-57b4-8419-d7f0faa99118,en,Ye Shunguang,2026-06-19 14:29:13.611862+00
0131d678-3465-59d1-bad8-80d08472fa86,b27b840e-a941-56f1-ac8d-27f2917accf0,zh,娜塔莎,2026-06-19 14:29:13.611862+00
01456562-192e-5363-bdb8-57915eca1452,7d80c986-c9a1-5f76-8b3c-3e82cfc19d51,kr,카르티시아,2026-06-19 14:29:13.611862+00
0147edd5-b8ad-5791-ad66-0883e5d130ff,a08b70b4-cae2-52ad-a2c0-2b91bb6708f3,zh,露西,2026-06-19 14:29:13.611862+00
018ec710-9fcb-5e10-afdc-938a86a099a1,5753daef-de97-52f8-9a57-e8b66eb77c63,jp,モルトフィー,2026-06-19 14:29:13.611862+00
01a17187-afc0-5fed-a1b1-f1d6bd5a89cb,8836a706-cc5a-5824-8853-aac3e799c529,zh,三月七（存护）,2026-06-19 14:29:13.611862+00
01a397d1-6f92-56a2-83bf-6a07936843a1,9bd73d74-b7f9-5422-a55a-95b0e39ec7b0,zh,嘉贝莉娜,2026-06-19 14:29:13.611862+00
02219c12-7199-57a1-94a1-1ea160c182cb,eee3a6c0-8ae0-5f47-8af5-a4fdcab7c19f,en,Lynx,2026-06-19 14:29:13.611862+00
02b8e84a-7321-5f1f-b04e-8601bbcee0e2,19a92ead-3e56-5aa8-b072-e493c69c2f11,kr,도기,2026-06-19 14:29:13.611862+00
0308508f-5e3c-57d4-a644-d74d511eff9e,b663ec24-a79b-5d5e-8ec6-126ac6919d53,en,Phoebe,2026-06-19 14:29:13.611862+00
0336b753-91fc-5bb6-95f1-fd1446cc29f5,ed355791-66f1-5d91-b28e-9c721a45b562,jp,フォフォ,2026-06-19 14:29:13.611862+00
03679840-3135-5480-aeb7-e71fe43a3839,a08b70b4-cae2-52ad-a2c0-2b91bb6708f3,kr,루시,2026-06-19 14:29:13.611862+00
03920c7e-4116-5fc7-91ac-04d1cb39edb2,dbbc556b-520c-5c22-8736-8647588aaf69,en,Qiuyuan,2026-06-19 14:29:13.611862+00
047026c3-66c3-5536-b308-dd87cf4c642e,a4b22962-0a38-5219-8f73-d204b90c8045,kr,계네빈,2026-06-19 14:29:13.611862+00
0508c539-09bc-5b1e-9894-45e06634427d,d3b22993-a68d-5444-85a3-182d533d7b4e,zh,缇宝,2026-06-19 14:29:13.611862+00
052b6963-1ec3-5a87-ad5f-d7228f5bcf10,79e417bd-c3cb-5636-b6a6-86452fa40968,zh,耀嘉音,2026-06-19 14:29:13.611862+00
054b69cd-cdc3-532a-9edd-73c87abba408,f4b7b6d7-fdf2-56ee-b34f-49eb5004554b,jp,相里要,2026-06-19 14:29:13.611862+00
0644a2bd-24af-5448-8b39-2c8db861df1a,ccd04ccb-e837-5c8a-8b0a-67b6c85fc836,zh,开拓者・毁灭,2026-06-19 14:29:13.611862+00
0688964b-f9a5-5375-9e20-cb5f3f04d9a3,38ec45ad-b0f5-561c-995a-a1402d7684f6,jp,青雀,2026-06-19 14:29:13.611862+00
069cb15f-a2e2-5863-8861-09083e7836f3,b5b47d41-8aba-553c-aa59-81eb84d24805,zh,猫又,2026-06-19 14:29:13.611862+00
07109d62-50fd-5e51-915d-dbf3ce75bd77,eee3a6c0-8ae0-5f47-8af5-a4fdcab7c19f,kr,링스,2026-06-19 14:29:13.611862+00
0764dec7-8112-54c2-9e66-8ab3da7782db,55d7babb-b256-5b99-aa51-0dea2ba40103,kr,리카온,2026-06-19 14:29:13.611862+00
0765d01e-8734-5dcb-82a6-aaa278019b87,d507e539-cada-580e-8915-3ca5cf695a13,jp,アリス,2026-06-19 14:29:13.611862+00
0775e33d-ec1f-56f1-80b3-a40058991ad0,6458d673-5b47-56a3-8a2c-830ab3243afb,en,Soukaku,2026-06-19 14:29:13.611862+00
07a1901b-53a8-5c0b-b4b1-37f5fa709756,aa7df507-317b-532e-a7fb-0f7149dfa79b,en,Ju Fufu,2026-06-19 14:29:13.611862+00
07ce1a32-7f1e-5e31-b99c-384bde5f5cd8,8836a706-cc5a-5824-8853-aac3e799c529,jp,三月なのか,2026-06-19 14:29:13.611862+00
07f9ee28-d2e4-5f36-ad6d-74908e55ced5,cabf993c-dcff-5a7b-9ce4-fe9063e3ee13,zh,千夏,2026-06-19 14:29:13.611862+00
08510d05-4005-5ef1-baf0-311909c9ed9e,aa0da005-a0d5-5e9e-82bc-9e5da478c405,zh,白露,2026-06-19 14:29:13.611862+00
086c526f-e36a-5cbd-808e-e9e64b53bff3,e025cb11-fed3-56cd-bec4-afeafed88947,zh,狼卫,2026-06-19 14:29:13.611862+00
08c952f2-afe5-519f-ba23-e3212bfdde1f,74c05933-69be-5782-b2db-af4df8970d7f,kr,모니에,2026-06-19 14:29:13.611862+00
08d9cde6-c707-55c4-8442-34be9b43e428,48f5b0ea-4c68-5d29-8e43-8834cc3600af,zh,长夜月,2026-06-19 14:29:13.611862+00
0977a0d1-e5e1-5d2e-8c55-d9498f5041fa,06ab1012-0dde-559f-90c1-ced66f9d6cff,zh,西格莉卡,2026-06-19 14:29:13.611862+00
09911c5b-9a86-5c35-9690-b6a976c0a277,26fcb56c-62a3-5abb-a590-f7511281ba38,zh,伊芙琳,2026-06-19 14:29:13.611862+00
0a82bdbd-25e0-55cf-8019-e32c40c8da84,69202ab1-64a4-5289-ba63-dab4a8b507f9,zh,达妮娅,2026-06-19 14:29:13.611862+00
0af17645-9388-5250-aacd-95e2c85849b1,edf777a2-044c-594b-9336-b1b3cbac2b89,zh,丹恒,2026-06-19 14:29:13.611862+00
0b31a512-cedd-5c14-a273-1a8926deb7a8,99093fb7-e5d8-5221-b01e-41d510b0e500,zh,卡厄斯,2026-06-19 14:29:13.611862+00
0b574672-8ecb-57be-929d-b65a57e6b854,957f4f37-344a-5182-8678-0f085cdafe89,en,Lingyang,2026-06-19 14:29:13.611862+00
0b9b0c0e-34ab-5bab-95a9-0ccab8e4dc8f,ba2ef48e-5143-59cb-8c22-435b67c39cb6,jp,カンタレラ,2026-06-19 14:29:13.611862+00
0ba1338a-3659-57b7-bb4b-d4cb3658ed71,9f9e05fe-fc39-5de7-9314-fc02d99655b8,en,Billy,2026-06-19 14:29:13.611862+00
0be0f24c-5bf8-54f5-a73a-2141db67a636,ce41c8ca-0c14-5b09-bf38-0e7cdc1e2f19,kr,치사,2026-06-19 14:29:13.611862+00
0c26454a-833e-5ead-9167-9d6c6acbf799,48f5b0ea-4c68-5d29-8e43-8834cc3600af,en,Evernight,2026-06-19 14:29:13.611862+00
0c445c83-df71-564f-b9af-016b511bd62e,2e7a4eaf-e28d-5541-b110-ba0f3a59d934,jp,ヒューゴ,2026-06-19 14:29:13.611862+00
0c74560a-46c9-5745-9b12-7b46178f61de,2d45f6d3-1e3d-5197-9c4b-2656ecb44da4,zh,可琳,2026-06-19 14:29:13.611862+00
0c8a5b43-2637-5271-8a19-7b1c35fbb795,6ce6e2d9-0f63-5ce6-bcf2-75c944cd5a2f,jp,青衣,2026-06-19 14:29:13.611862+00
0d31b636-2044-5522-8875-794dcf939718,bc5564ca-ae88-5c64-aeab-27b9859afd42,zh,哈尼娅,2026-06-19 14:29:13.611862+00
0d6e684a-ab99-5746-a291-c6a48e770433,d1b8bec8-107c-5c0d-be80-18b177d32c8a,kr,연경,2026-06-19 14:29:13.611862+00
0e06531a-7d7e-5766-9250-6262ffea7722,19a92ead-3e56-5aa8-b072-e493c69c2f11,zh,桃祈,2026-06-19 14:29:13.611862+00
0e4af8b3-fde6-51fb-b32d-1a5894039d57,0d6dfd80-1582-5698-bf10-4f18987af89e,kr,미샤,2026-06-19 14:29:13.611862+00
0f184bee-a1bf-5b6b-9fb7-9dc289411413,bc1b1d03-93fe-51cf-a361-8da77a56dfaf,jp,開拓者,2026-06-19 14:29:13.611862+00
0f33e955-0f32-58cd-b273-62bf1d2b2bc4,bedbb346-3368-5684-8f16-d9a63536a3e7,zh,爱芮,2026-06-19 14:29:13.611862+00
0f4c9773-ec1a-5e50-9967-a199b63d2fb9,59abfed4-5822-5681-b433-5b95e5be898b,jp,漂泊者・回折,2026-06-19 14:29:13.611862+00
0f5deb61-1f62-5239-8b49-92e42455c15f,503275d8-3665-531b-b27a-5c36fff908e0,zh,庄方宜,2026-06-19 14:29:13.611862+00
0fce0a28-4ea1-5203-a196-e145da949093,6f67650b-266c-5064-9013-8e27ccd602e0,jp,パイパー,2026-06-19 14:29:13.611862+00
1137b913-bc4a-5268-8cc2-c69c51b7974f,ad5726ea-f4a0-52ee-b2df-d293a43a87ad,kr,아우구스타,2026-06-19 14:29:13.611862+00
11bec9c1-0997-5f9b-ba1c-856ec0a2a541,a2e885de-e3b0-5970-89c5-073561d2f870,zh,Archer,2026-06-19 14:29:13.611862+00
11f995fd-691b-5604-9f97-5c7ce122bc12,585dc66a-1892-54c1-ba49-23b4b17ce7fb,jp,リンネー,2026-06-19 14:29:13.611862+00
12413e9d-aa24-53ea-941e-8cd10c0feb0c,c7abcbd3-38a6-5f4a-9f2e-69a368bbc18f,en,The Herta,2026-06-19 14:29:13.611862+00
1261b0e6-648f-5b7d-923e-221b78eda334,6a36d61d-6426-58c3-9e00-118cf3d1fe38,zh,诺姆,2026-06-19 14:29:13.611862+00
1273284b-4c78-5df5-ad32-40c118cdd6a2,f7a68b9a-224f-5e6b-bbf3-32998fcdfe46,jp,カルロッタ,2026-06-19 14:29:13.611862+00
12998865-a63e-548d-b25b-493ecf3c1367,957f4f37-344a-5182-8678-0f085cdafe89,kr,능양,2026-06-19 14:29:13.611862+00
12a6c0ae-9266-59d0-9f7b-cf7811fc0877,02455589-782c-528f-af1c-fa1714747520,en,Asta,2026-06-19 14:29:13.611862+00
12e7076a-8594-52f6-92c7-a2d2c4e8f15e,403f3dc9-176d-5a07-ade9-4fac8de0b2dc,kr,그레이스,2026-06-19 14:29:13.611862+00
12f82f4d-6086-5c87-8caa-67bd03d9457b,585dc66a-1892-54c1-ba49-23b4b17ce7fb,en,Lynae,2026-06-19 14:29:13.611862+00
13214073-9460-5dd0-8f1d-deab6bbda3f5,7766d2b9-6efe-5031-a232-3b3e260237ad,kr,절지,2026-06-19 14:29:13.611862+00
1392f228-1672-5288-8f5f-dcd4b7c3767e,9c049892-e371-5bce-a1bb-cdb44edd7c56,en,Zani,2026-06-19 14:29:13.611862+00
1398e843-ff88-5ecf-b015-9a00bc7ae481,d507e539-cada-580e-8915-3ca5cf695a13,en,Alice,2026-06-19 14:29:13.611862+00
13ff330f-f875-54b1-a67c-e8cac6a76d73,75b8f146-aa92-5f4c-9af3-b28d5cbe6301,kr,제레,2026-06-19 14:29:13.611862+00
1444c0e0-5e02-5dbf-ba75-1fcaa8ea1b14,826c10d4-f5c0-5465-80d0-7273edad5cd3,zh,布兰特,2026-06-19 14:29:13.611862+00
14623491-f768-5ba6-ae0d-8ec5fca24143,f4fb37ab-0303-5b4a-b153-7783610ecd75,zh,露西,2026-06-19 14:29:13.611862+00
14ac67e9-f1c0-5485-b216-487de7909ebf,f80f8bcc-4a86-5a54-bcc9-bf321b25ad4d,kr,운리,2026-06-19 14:29:13.611862+00
15b17e58-36e3-54e4-9395-9ac8e9f26ce1,c4bd2f8d-3a72-5d60-a4a2-ba2faeb16086,zh,托帕&账账,2026-06-19 14:29:13.611862+00
15bb00fd-52eb-5388-9c9c-fbf6876096c0,9bd73d74-b7f9-5422-a55a-95b0e39ec7b0,kr,갈브레나,2026-06-19 14:29:13.611862+00
15bf67b9-b94f-568f-a2a9-8ea59c9075d2,b663ec24-a79b-5d5e-8ec6-126ac6919d53,zh,菲比,2026-06-19 14:29:13.611862+00
168e5d26-36c3-51e6-ac1b-9435879b9c5e,18b934f5-6976-5fbf-a236-ebc1793192ba,jp,盤岳,2026-06-19 14:29:13.611862+00
16e4f5c0-3aa1-5040-8ce6-4c87c73fcf06,258c9169-d986-573f-90ec-545444234024,kr,카카루,2026-06-19 14:29:13.611862+00
177f8561-c45f-54eb-ac51-14457051868f,7ee6d558-c8a0-55e6-a446-305684ab6ab9,zh,鉴心,2026-06-19 14:29:13.611862+00
17c03c97-98ca-5488-99bd-fc55bce03631,7766d2b9-6efe-5031-a232-3b3e260237ad,jp,折枝,2026-06-19 14:29:13.611862+00
17df1bca-3610-5258-bc12-1c70b04a220e,2bd978a0-f43b-5fbd-b96e-7939e6b1c862,kr,트리거,2026-06-19 14:29:13.611862+00
187df6e8-34a1-5cf8-adcb-ca3522aa1331,acca0932-e8dd-51a6-af31-ba1286f947ca,zh,忘归人,2026-06-19 14:29:13.611862+00
195ac0c5-0422-550c-a99a-f7ae10c282e9,13663f60-289b-50ad-89a6-e7d121dff17c,jp,忌炎,2026-06-19 14:29:13.611862+00
19721998-95f0-54e5-9032-2f4fe6fa5803,ba71e985-1ef4-5cc4-b97f-c37c2f4eff5b,en,Danjin,2026-06-19 14:29:13.611862+00
199257ef-0463-5a19-8dea-5304f1fecaa7,bc1b1d03-93fe-51cf-a361-8da77a56dfaf,kr,개척자,2026-06-19 14:29:13.611862+00
19b01b02-56bd-5c4f-964d-863fb5516fd9,232b12f3-2510-5cdf-b40c-e3c92d72c660,jp,白芷,2026-06-19 14:29:13.611862+00
1a09e769-6921-5649-8f85-b54780b34a49,4c5d3316-02a1-5546-b78f-54a03ae4fee1,en,Yukong,2026-06-19 14:29:13.611862+00
1bce0b2b-0b34-55ae-b710-360ab788ad31,13663f60-289b-50ad-89a6-e7d121dff17c,kr,기염,2026-06-19 14:29:13.611862+00
1bf0692c-c317-5a43-949e-4854a796ca29,d659e052-f741-5181-b770-0cc4b42c94b0,zh,卢西娅,2026-06-19 14:29:13.611862+00
1c61c5a4-7317-56c6-a73c-e422ce4388b0,6a5ca501-cdad-53f0-b18b-3850a2f09cfe,kr,로빈,2026-06-19 14:29:13.611862+00
1c734f60-c88e-5b91-8505-2c2d9cebf63a,c6b4a923-a7b4-5c0c-b22b-78d02217fe96,en,Vivian,2026-06-19 14:29:13.611862+00
1cb45c3b-7260-5586-b745-8d7b2e7f2aa9,6ce6e2d9-0f63-5ce6-bcf2-75c944cd5a2f,zh,青衣,2026-06-19 14:29:13.611862+00
1cbfe2ec-3a31-5a89-9db1-8bd1b9b1739c,70a3fef7-15d4-5443-883b-a2dcfa702b2c,zh,琉音,2026-06-19 14:29:13.611862+00
1ccf093b-64e7-5ac4-91bf-a78d0420adf3,df6fb67c-7207-5cc5-9020-e73ab88b1f5b,kr,앙코,2026-06-19 14:29:13.611862+00
1cde849d-8238-5a3d-902f-50dd3354617c,17fe8cab-753a-5452-b598-07d0c6b528dc,en,Sampo,2026-06-19 14:29:13.611862+00
1cf31cae-f254-53f2-af98-4870691337db,aa0da005-a0d5-5e9e-82bc-9e5da478c405,en,Bailu,2026-06-19 14:29:13.611862+00
1d160312-1a3d-5e8c-a645-cf4c953fd44d,258c9169-d986-573f-90ec-545444234024,en,Calcharo,2026-06-19 14:29:13.611862+00
1d814c72-cfb4-5cf7-8d64-09e5d86fbe0d,198bf9fc-10f9-5172-ba4e-436c4d26c574,kr,장리,2026-06-19 14:29:13.611862+00
1dae65f3-284b-5f02-a105-78c9e7f6fcec,f7a68b9a-224f-5e6b-bbf3-32998fcdfe46,en,Carlotta,2026-06-19 14:29:13.611862+00
1df8cc64-ffc0-5e1d-a7d4-32d46857ddb1,74c05933-69be-5782-b2db-af4df8970d7f,en,Mornye,2026-06-19 14:29:13.611862+00
1e5eed69-e034-5a12-8091-46fc301cd6cf,f6ddc212-ef25-5c03-96b3-ca45b5e66c32,jp,丹恒・飲月,2026-06-19 14:29:13.611862+00
1e72299b-7697-5900-aff0-ad1e8fbdfd7c,bc1b1d03-93fe-51cf-a361-8da77a56dfaf,zh,开拓者・记忆,2026-06-19 14:29:13.611862+00
1e8e515c-9041-5f21-b05a-664ab53ed892,802bc471-2731-5c65-87c3-1f25d4a80ab3,jp,素裳,2026-06-19 14:29:13.611862+00
1eda016a-f444-5d6e-9df2-2950b7955ace,ef2566c5-7470-5b7e-bb6f-bd6066f7f852,en,Iuno,2026-06-19 14:29:13.611862+00
1fcbfd64-4b2b-541b-b354-fe6ca3560367,d727d3ab-e9b1-500d-b2a0-18601236a709,zh,星徽・比利,2026-06-19 14:29:13.611862+00
202acf5b-383c-56e3-b3d2-50fe86ebfffa,c4bd2f8d-3a72-5d60-a4a2-ba2faeb16086,en,Topaz & Numby,2026-06-19 14:29:13.611862+00
2073cfc3-fe2d-56a2-8abd-d810e4c69c2c,f5049b18-ae24-513c-8982-06bc82dc4584,zh,早雾,2026-06-19 14:29:13.611862+00
20ac3a7a-97fc-5611-8159-9250b44b0729,a2e885de-e3b0-5970-89c5-073561d2f870,en,Archer,2026-06-19 14:29:13.611862+00
20d7cbd7-84f0-5e49-96e7-53889fe9af38,57bd6a33-d155-5706-b233-5f3dabbcf2b3,jp,サフェル,2026-06-19 14:29:13.611862+00
21c31bff-2b35-5f7a-b603-55bd37d665e7,0e9beceb-4832-5ea1-98d1-743636672eeb,zh,星期日,2026-06-19 14:29:13.611862+00
21c6fb17-2cea-500c-960f-37abcbb55563,62a74bc6-9fa3-5039-a723-c23e708ed641,kr,히아킨,2026-06-19 14:29:13.611862+00
225509b1-d482-5e31-b1aa-f1188571ecfc,2d45f6d3-1e3d-5197-9c4b-2656ecb44da4,en,Corin,2026-06-19 14:29:13.611862+00
226af5df-930d-5dd0-9cd0-af4649bf264b,d1e4fabb-97c3-54b1-b933-9cf6577b900f,zh,炽霞,2026-06-19 14:29:13.611862+00
22b898e0-9dbd-593b-8974-88802b03c16c,b2ff5a83-16d7-5788-86a0-bf79a9161692,kr,로코코,2026-06-19 14:29:13.611862+00
2356a088-3106-59dc-9cfa-836926c09375,198bf9fc-10f9-5172-ba4e-436c4d26c574,en,Changli,2026-06-19 14:29:13.611862+00
2377ab57-ab4e-52c2-92d0-6d5b8d85cd98,1cb8defd-b395-5679-a5a4-e47308ff7fad,jp,浮波柚葉,2026-06-19 14:29:13.611862+00
23aaa23f-99da-5662-b0ca-02bcfd0954ef,9f9e05fe-fc39-5de7-9314-fc02d99655b8,zh,比利,2026-06-19 14:29:13.611862+00
23c5af17-a998-51b9-b346-221d7b274721,913312d7-07e3-53a5-b607-f070b1cd7d7b,zh,卡芙卡,2026-06-19 14:29:13.611862+00
2400310b-0144-5fdc-b172-0fb4a7ff4139,ef64cecf-2598-5c02-a834-ba65e2a9e55c,zh,骏卫,2026-06-19 14:29:13.611862+00
24a30ded-d5f5-5ed7-b2ef-f3f818b2c7cd,a9479f22-983c-5dd9-863c-59d7d5c3eab6,kr,연무,2026-06-19 14:29:13.611862+00
24aa1cc1-5a2b-5189-8984-157eea5fc712,042bfe28-e547-5fe1-84a6-69ec68193cb6,jp,ホタル,2026-06-19 14:29:13.611862+00
24c19313-d19a-5f66-9c25-a9b2361e1aff,d3e86acf-3603-55da-8b63-56336a125ff3,zh,余烬,2026-06-19 14:29:13.611862+00
24c3f883-a0bd-573c-99c7-742eda69c509,b27b840e-a941-56f1-ac8d-27f2917accf0,jp,ナターシャ,2026-06-19 14:29:13.611862+00
24febd5c-18ac-515c-b2d7-50d3e593e576,55fa55f6-27e9-5bc2-a321-98e43762cb2d,en,Ben,2026-06-19 14:29:13.611862+00
25373ea3-f680-5905-9264-4b3a2f5ee06e,ef2566c5-7470-5b7e-bb6f-bd6066f7f852,zh,尤诺,2026-06-19 14:29:13.611862+00
25ed00d5-3d7d-548e-a84e-0ddcd3729f2f,acca0932-e8dd-51a6-af31-ba1286f947ca,kr,망귀인,2026-06-19 14:29:13.611862+00
261b2f69-7592-52d6-b043-a65a20cd1218,ed355791-66f1-5d91-b28e-9c721a45b562,en,Huohuo,2026-06-19 14:29:13.611862+00
2686a25d-6515-53f1-a2b0-40792fe04bdc,abad5aba-e99f-52c8-8dc8-b06dd8366651,zh,零号·安比,2026-06-19 14:29:13.611862+00
26ea1d81-ceb6-50ec-951f-87b4c27b24dc,5ae53186-b0d9-5610-b13f-f0fdfabcf40b,kr,콜레다,2026-06-19 14:29:13.611862+00
27b8e3ea-43a1-58c1-ac93-ec2de05b9665,a924c690-e5eb-50cb-998c-9f185e335eaa,en,Luka,2026-06-19 14:29:13.611862+00
27d71d6d-5087-53aa-90ea-c3d9a9592c89,2ed3a5e1-b8f9-576f-aaf7-aff5f129d9f5,kr,클라라,2026-06-19 14:29:13.611862+00
27e95d18-d952-5a8b-9db6-b8886d80f600,59abfed4-5822-5681-b433-5b95e5be898b,en,Rover: Spectro,2026-06-19 14:29:13.611862+00
283513b3-7b26-5ecd-8b31-a3905277b5de,55232140-70cf-50ed-881c-47635c369db7,jp,ダリア,2026-06-19 14:29:13.611862+00
288a4878-85fa-5230-be51-a1cb8967b559,258c9169-d986-573f-90ec-545444234024,zh,卡卡罗,2026-06-19 14:29:13.611862+00
28e3e05b-0316-5e79-946a-5e45a2c381e2,4c5d3316-02a1-5546-b78f-54a03ae4fee1,jp,御空,2026-06-19 14:29:13.611862+00
28ec5e12-bdf5-5874-bd44-78bafb4ad256,913312d7-07e3-53a5-b607-f070b1cd7d7b,en,Kafka,2026-06-19 14:29:13.611862+00
28f3fdb0-d835-5a4b-8f4d-4b6c268868ec,a82e5abc-06e6-59dc-8399-16b7007c2e7f,en,Lingsha,2026-06-19 14:29:13.611862+00
290d5ac3-5e4e-59af-a591-b04344d99fc1,24031ef9-fe8c-53ca-b0ed-c13f3595e922,jp,鏡流,2026-06-19 14:29:13.611862+00
29a91c69-047d-57d1-8d7e-c132b1acd17c,802bc471-2731-5c65-87c3-1f25d4a80ab3,kr,소상,2026-06-19 14:29:13.611862+00
2a0a4461-5dc1-587e-a790-5efff78c9b12,9c049892-e371-5bce-a1bb-cdb44edd7c56,jp,ザンニー,2026-06-19 14:29:13.611862+00
2a16a98d-66bc-5dc7-86ca-8675994e3abf,4d28693e-d175-50de-8b8f-7732b0064c0f,en,Lumi,2026-06-19 14:29:13.611862+00
2a4e0ce6-749d-5a41-afa0-43acb6c258fa,d67a7be3-bf13-5e6c-98b4-7e0063c9e9a1,zh,杰帕德,2026-06-19 14:29:13.611862+00
2aa56430-7a72-5484-a95c-306c28696039,984ef995-20d6-5a1c-b69f-98303f7595ce,zh,秋栗,2026-06-19 14:29:13.611862+00
2aa759aa-6b8e-53c2-a574-5358f4e31740,29b85018-415e-5ac2-a7f7-b8ee54982fdb,zh,阮梅,2026-06-19 14:29:13.611862+00
2b18e9cb-c300-5ee2-b249-622d840747a5,26fcb56c-62a3-5abb-a590-f7511281ba38,kr,이블린,2026-06-19 14:29:13.611862+00
2b27e686-77fa-50ff-9f88-a1aa1ca1bbe0,19a92ead-3e56-5aa8-b072-e493c69c2f11,en,Taoqi,2026-06-19 14:29:13.611862+00
2b69584d-ed55-5f11-86db-c48b975a4ebf,4293a0f5-a8fe-5e16-ae9e-ace7b6c51fb2,en,Blade,2026-06-19 14:29:13.611862+00
2b959f32-9f35-5059-a26e-aea0aae81ae2,198bf9fc-10f9-5172-ba4e-436c4d26c574,jp,長離,2026-06-19 14:29:13.611862+00
2c145e2c-07b2-56f3-95f4-17c1cb69e81c,7e90490e-7dd1-558e-aa56-ff015a45d813,zh,卡缪,2026-06-19 14:29:13.611862+00
2c317dd3-7c94-5251-9394-b16f8b12ea87,d659e052-f741-5181-b770-0cc4b42c94b0,en,Lucia,2026-06-19 14:29:13.611862+00
2c603621-e949-5d89-ae97-3e3efda62d66,abad5aba-e99f-52c8-8dc8-b06dd8366651,kr,0호·엔비,2026-06-19 14:29:13.611862+00
2ce31a1e-4fac-514b-90b8-22580698789c,59312c02-5880-5274-b877-5f13f7011997,zh,月城柳,2026-06-19 14:29:13.611862+00
2d2fb37d-49e4-58c6-bfc0-a145d59a0251,6ce6e2d9-0f63-5ce6-bcf2-75c944cd5a2f,en,Qingyi,2026-06-19 14:29:13.611862+00
2db2c7a1-29c2-5c15-9e04-9040963deade,fe90b54a-0f0c-54d4-be9e-791e1d9e3d6d,jp,浅羽悠真,2026-06-19 14:29:13.611862+00
2df3c51c-1278-58c4-bb4e-7f125be07794,59abfed4-5822-5681-b433-5b95e5be898b,kr,방랑자,2026-06-19 14:29:13.611862+00
2eb0fea1-420e-53df-81f3-cfafc71dccc5,4d28693e-d175-50de-8b8f-7732b0064c0f,zh,灯灯,2026-06-19 14:29:13.611862+00
2edb31b2-d386-5d81-a60d-25e670c53581,6f67650b-266c-5064-9013-8e27ccd602e0,zh,派派,2026-06-19 14:29:13.611862+00
2f616f8b-0499-5a27-83d5-9c3faef04431,b3a3fbd3-ca81-593a-854d-5e92308b6522,kr,초구,2026-06-19 14:29:13.611862+00
2f717299-99de-50ee-abe0-8878788d6ddd,c45172b7-bf98-5e0b-99ae-f7babca9645f,zh,秧秧,2026-06-19 14:29:13.611862+00
2f81a090-5849-595f-88e8-1ba640acf803,f033ff10-3c9c-5c81-8645-0bf1ad2e1a0f,en,Argenti,2026-06-19 14:29:13.611862+00
300a2926-c4c1-5b73-ae72-0f4e66faa401,09401f00-f115-54bd-bcd7-13a5ee49944d,jp,星見雅,2026-06-19 14:29:13.611862+00
30ae2196-7a5b-51c4-9c57-4385836262bc,a4b22962-0a38-5219-8f73-d204b90c8045,zh,桂乃芬,2026-06-19 14:29:13.611862+00
30d9be56-110b-5e77-9b8c-bb05efb97aac,94871ba8-f12e-51e3-9890-2935b4b3de73,kr,카스토리스,2026-06-19 14:29:13.611862+00
30e75f6a-426d-5bc0-b12a-6eded95103f8,5ae53186-b0d9-5610-b13f-f0fdfabcf40b,zh,珂蕾妲,2026-06-19 14:29:13.611862+00
321b428a-5d58-5d75-b6c8-c174d12b001b,9f9e05fe-fc39-5de7-9314-fc02d99655b8,jp,ビリー,2026-06-19 14:29:13.611862+00
3242da3b-a50a-5310-838e-75ea1295fccf,60e58ca5-465c-5704-a498-b4872f6822f1,en,Feixiao,2026-06-19 14:29:13.611862+00
33053b12-3987-51cf-9402-63a6e49d614f,f39746c8-cdf4-5d83-ba34-592a92ee9bfd,zh,汤汤,2026-06-19 14:29:13.611862+00
334e2940-f11c-52b6-8bad-e0a1abaaf360,48a768e1-8c8b-5a8e-b04d-28a3312f4f03,zh,莱特,2026-06-19 14:29:13.611862+00
34529a8d-9657-5b56-a51e-1b5b2c898073,9bdb4871-f682-564f-a578-c9205a5827b3,en,Nicole,2026-06-19 14:29:13.611862+00
34adafc2-40d2-5745-8922-8a522e2f2db9,e691a70e-4b01-5fd8-960f-4c4734cdeb4b,en,Jinhsi,2026-06-19 14:29:13.611862+00
3530442d-c00a-5d7d-8f8f-90228c5a84df,edf777a2-044c-594b-9336-b1b3cbac2b89,kr,단항,2026-06-19 14:29:13.611862+00
354c9d31-8796-5c2a-8d28-e782d2560b5b,7ee6d558-c8a0-55e6-a446-305684ab6ab9,jp,鑑心,2026-06-19 14:29:13.611862+00
35d4a237-6e73-5b55-aca7-ac0e27e33516,c4e77de8-2abb-57ea-9b92-2f00cf9565a2,jp,アグライア,2026-06-19 14:29:13.611862+00
36a5803c-98ef-5ce8-b2cd-6689d2c7acd7,d3b22993-a68d-5444-85a3-182d533d7b4e,jp,トリビー,2026-06-19 14:29:13.611862+00
37293b9b-1eda-5418-ae86-a55200ee6432,24031ef9-fe8c-53ca-b0ed-c13f3595e922,zh,镜流,2026-06-19 14:29:13.611862+00
37487acb-b1d6-5a7b-884e-2e9ccce0ca57,f4b7b6d7-fdf2-56ee-b34f-49eb5004554b,zh,相里要,2026-06-19 14:29:13.611862+00
37ed03ae-2baa-5e47-acfc-f40a236eb4a6,e4609aed-ecd0-5162-aab9-60d3fc3245ec,zh,陈千语,2026-06-19 14:29:13.611862+00
38ee98cc-b5fa-5023-9020-487a9945f03e,3e28e816-4315-58f8-95c7-3c2397ea184b,en,Phrolova,2026-06-19 14:29:13.611862+00
39133580-9747-5950-a6fc-070dde6cc907,73cbfd1a-012b-5e13-8bfe-209a91d56995,en,Black Swan,2026-06-19 14:29:13.611862+00
39492cae-f9a8-5400-bff3-0b09d7529e4a,60e58ca5-465c-5704-a498-b4872f6822f1,zh,飞霄,2026-06-19 14:29:13.611862+00
39b3283a-0ca7-50e6-a3a6-32974ff9add1,d08d43de-1119-5e77-9a82-51e75288751d,jp,乱破,2026-06-19 14:29:13.611862+00
39d26cbd-ca11-5a75-a4eb-37373b1a2763,9f039381-b214-59cc-9533-8da4b16927e4,kr,유호,2026-06-19 14:29:13.611862+00
3a77c594-fcd6-5c6d-b7a7-e9520ea61328,96644b58-8f1d-5705-81ec-5b9d3ee8b825,zh,绯雪,2026-06-19 14:29:13.611862+00
3aa0dff4-4294-5b1e-bcfc-2b0ddbf20c9f,4d28693e-d175-50de-8b8f-7732b0064c0f,jp,灯灯,2026-06-19 14:29:13.611862+00
3adf207d-db4e-5fdf-a6d7-d8956319a39e,0ff30224-209f-5845-83e4-39b552fa4ad8,jp,朱鳶,2026-06-19 14:29:13.611862+00
3b2aa1ed-ed8a-53da-8f35-7d8fab949d98,75b8f146-aa92-5f4c-9af3-b28d5cbe6301,zh,希儿,2026-06-19 14:29:13.611862+00
3b7a546b-f1fd-5be2-a263-4439a618662c,8d0929fe-639b-5acc-bec8-59cbb456147a,zh,白厄,2026-06-19 14:29:13.611862+00
3bb8ecfa-0f33-51ec-a718-4129480b12e8,9f168476-6edf-562e-8180-43e60827d8c7,en,Anaxa,2026-06-19 14:29:13.611862+00
3caa48c6-8588-5af3-a4ff-503c276ff200,38ec45ad-b0f5-561c-995a-a1402d7684f6,zh,青雀,2026-06-19 14:29:13.611862+00
3cd60b8a-d560-59ac-9a44-9ec80712359e,f8037fef-ce03-57b4-8419-d7f0faa99118,jp,葉瞬光,2026-06-19 14:29:13.611862+00
3d10c398-47d5-5f34-a11c-7a1485aadad6,fe3bb351-0c1d-5497-b89e-fc2a9169eb90,kr,Mar. 7th,2026-06-19 14:29:13.611862+00
3d17fefd-1c21-5283-bc7c-b48ab8744464,d71f3b3d-aed6-509a-bf99-e6d127f4b326,zh,普罗米娅,2026-06-19 14:29:13.611862+00
3dbd6dad-2b86-5cfc-84f3-2362b73d17f2,42f1c024-ecad-5576-9517-38520de9e84a,zh,散华,2026-06-19 14:29:13.611862+00
3e406d1b-3340-544b-bd64-d45601182574,ccd04ccb-e837-5c8a-8b0a-67b6c85fc836,en,Trailblazer,2026-06-19 14:29:13.611862+00
3e7b2d90-3786-54af-ad5f-1175304142ec,0d6dfd80-1582-5698-bf10-4f18987af89e,jp,ミーシャ,2026-06-19 14:29:13.611862+00
3e924ede-b3c4-54fb-b64f-df2ca915b0ac,19a92ead-3e56-5aa8-b072-e493c69c2f11,jp,桃祈,2026-06-19 14:29:13.611862+00
3ea8b4f5-a750-56ec-a341-fa4adce2e8f1,8ce6c61c-d791-5c63-9cfd-acebdabcb03b,kr,샤콘,2026-06-19 14:29:13.611862+00
3ec7f054-a3bf-57fb-86e2-f00eaa967245,e8d2a268-4e31-5662-9696-1ff510300ee5,zh,爱弥斯,2026-06-19 14:29:13.611862+00
3ee66dbd-f908-5fcf-b095-86e8dab6e991,351e3969-fa59-5e7f-9704-d6c9fb646ac4,kr,펄크라,2026-06-19 14:29:13.611862+00
3f1356d1-46d2-559d-a79d-c3f6b6540ae9,67518710-4499-5d0a-90fb-72dce401ced9,jp,フック,2026-06-19 14:29:13.611862+00
3f646f7f-7538-573d-987f-75d1466a4921,d659e052-f741-5181-b770-0cc4b42c94b0,kr,루시아,2026-06-19 14:29:13.611862+00
3fd3358f-514a-59bc-a896-9b931151edb2,dbbc556b-520c-5c22-8736-8647588aaf69,zh,仇远,2026-06-19 14:29:13.611862+00
40184c62-7fe9-591a-8198-69d206688da6,24025e8d-05d2-570f-93fd-0b8b005fa3c6,jp,爻光,2026-06-19 14:29:13.611862+00
40a1079e-747f-5322-a9bd-fd6a08292959,3c9b7e76-9d1e-5078-a7bf-c0dc07d72693,kr,파수인,2026-06-19 14:29:13.611862+00
40fbfd38-d4f9-5811-ab42-704977113169,3e28e816-4315-58f8-95c7-3c2397ea184b,kr,플로로,2026-06-19 14:29:13.611862+00
41bbc89b-027a-55dc-95cb-93469be81e7d,c7abcbd3-38a6-5f4a-9f2e-69a368bbc18f,kr,더 헤르타,2026-06-19 14:29:13.611862+00
420166eb-4487-5641-bda4-b469b6498549,3c9b7e76-9d1e-5078-a7bf-c0dc07d72693,zh,守岸人,2026-06-19 14:29:13.611862+00
4235fd5c-716f-5ec8-9b19-36125fcab4e6,df2e533a-12ad-5686-beeb-350d9657a590,kr,시드,2026-06-19 14:29:13.611862+00
426ada88-a74f-5a64-92de-59b651388dcb,7f663da3-4b8f-5fb8-9786-2ecada264897,kr,케리드라,2026-06-19 14:29:13.611862+00
4273b01b-bfd9-5c01-94bc-11db09a0bd9f,df6fb67c-7207-5cc5-9020-e73ab88b1f5b,jp,アンコ,2026-06-19 14:29:13.611862+00
428f7284-dcaa-5b3d-9d93-8f7b87a77453,7068b1b7-aaf5-502a-9245-b7c8f993b5ea,zh,风主,2026-06-19 14:29:13.611862+00
42988fdb-be47-5605-b8f8-1a8a36ba6eda,a924c690-e5eb-50cb-998c-9f185e335eaa,jp,ルカ,2026-06-19 14:29:13.611862+00
42bd13ce-56ea-579d-bfa3-976bfa0cddac,198bf9fc-10f9-5172-ba4e-436c4d26c574,zh,长离,2026-06-19 14:29:13.611862+00
42ceacaf-662c-5efb-95e7-bb58fceb480a,75b8f146-aa92-5f4c-9af3-b28d5cbe6301,jp,ゼーレ,2026-06-19 14:29:13.611862+00
436fdeb9-46fe-511f-b76d-56bd0eaf5ab3,3e28e816-4315-58f8-95c7-3c2397ea184b,zh,弗洛洛,2026-06-19 14:29:13.611862+00
437c264d-a3ea-5d8c-b6d0-159bc7311252,6b4f3d0d-7b79-5d61-85fe-bbbe3ec4b81b,kr,헤르타,2026-06-19 14:29:13.611862+00
439ec71a-6fc3-5053-acde-f9fbd282ef57,10180c73-dc0d-5ade-8bfc-64fd47cce76e,zh,希希芙,2026-06-19 14:29:13.611862+00
44729049-ce28-54fb-a2ad-69c3799786f0,a29da9e8-6314-585a-ae5b-3d1af3b4ee8d,zh,真理医生,2026-06-19 14:29:13.611862+00
44d95556-0d92-5779-9077-8cf15657ad77,18b934f5-6976-5fbf-a236-ebc1793192ba,kr,반악,2026-06-19 14:29:13.611862+00
455f5fce-80b0-5ddd-a2cb-31f42cb55276,eee3a6c0-8ae0-5f47-8af5-a4fdcab7c19f,zh,玲可,2026-06-19 14:29:13.611862+00
457da48b-7a70-56d0-8c10-03f0dd15222e,1b7c1597-3da4-5694-b728-aa6804ebbc00,zh,火花,2026-06-19 14:29:13.611862+00
45ef7366-ae69-54ab-b813-c544289bea29,9f039381-b214-59cc-9533-8da4b16927e4,zh,釉瑚,2026-06-19 14:29:13.611862+00
46478204-0ab9-5004-84e4-bce628cb6a04,ce41c8ca-0c14-5b09-bf38-0e7cdc1e2f19,zh,千咲,2026-06-19 14:29:13.611862+00
46a3712d-9118-50d7-91de-09f563a10573,48f5b0ea-4c68-5d29-8e43-8834cc3600af,jp,長夜月,2026-06-19 14:29:13.611862+00
4727b21a-27a3-593b-8b80-39ab0933df1e,471a2508-d897-53a0-8b5e-4f150abb369b,kr,개척자,2026-06-19 14:29:13.611862+00
47641e6e-e417-5487-9e24-7dd034915506,a2e885de-e3b0-5970-89c5-073561d2f870,kr,아처,2026-06-19 14:29:13.611862+00
4766b686-a408-529e-8536-297e4bc894b8,1765fc90-fd0b-5ad0-8be2-b9a3935cd3af,jp,照,2026-06-19 14:29:13.611862+00
482befa0-0802-55c3-babb-4f8f561ffaf5,48f5b0ea-4c68-5d29-8e43-8834cc3600af,kr,에버나이트,2026-06-19 14:29:13.611862+00
4931cd65-bb8a-5474-9189-bca44affcde8,fc51c66f-a1b3-5935-bbb7-2bbe19e62233,zh,狛野真斗,2026-06-19 14:29:13.611862+00
4a29e895-21dc-5b01-b6b6-a33ccee1e8fd,6a9285e8-a8c5-5f53-8e47-6a00e0021007,zh,吟霖,2026-06-19 14:29:13.611862+00
4aa862c9-1d2b-5db4-8b6e-8e626c1631f9,62a74bc6-9fa3-5039-a723-c23e708ed641,zh,风堇,2026-06-19 14:29:13.611862+00
4af22ef1-63b8-54be-867d-97977f962d00,fe3bb351-0c1d-5497-b89e-fc2a9169eb90,en,March 7th,2026-06-19 14:29:13.611862+00
4b678674-4b9d-5037-b7ec-0742bd9ed0d6,b2dcd0bb-c9f9-5cb7-91bd-b912796d4b37,kr,벨리나,2026-06-19 14:29:13.611862+00
4b842c22-4eb2-523b-a534-7db909c718cc,ff2b015a-6ab2-53de-8da9-ade051bc5fff,zh,陆·赫斯,2026-06-19 14:29:13.611862+00
4bb2c7d0-2905-5657-b6df-996abc326e2e,f8f4caea-4504-5bee-ba2c-3f73d614d825,zh,翳,2026-06-19 14:29:13.611862+00
4c47c78d-62df-5010-ab7d-b9317f4f206f,b54cb532-b428-530f-b752-bba5e54f2ae9,zh,洛瑟拉,2026-06-19 14:29:13.611862+00
4c4ad2cb-3f89-5ec2-9a09-ceb6c21bbcdd,29b85018-415e-5ac2-a7f7-b8ee54982fdb,kr,완•매,2026-06-19 14:29:13.611862+00
4c5aafde-2896-52b2-bbf1-31e7ba5d07c5,328e9346-54db-5943-aa78-709c152bf3a8,kr,아케론,2026-06-19 14:29:13.611862+00
4cab956f-2b9c-563b-ac44-aad20ae85868,94871ba8-f12e-51e3-9890-2935b4b3de73,jp,キャストリス,2026-06-19 14:29:13.611862+00
4d10096d-aaf1-5ee5-afd2-01b75ed81c6e,ed355791-66f1-5d91-b28e-9c721a45b562,kr,곽향,2026-06-19 14:29:13.611862+00
4d1200a2-e4fa-5ccd-8977-d63d3d9c6c0a,e17135e5-f805-5f2e-aede-914abab980d7,en,Gallagher,2026-06-19 14:29:13.611862+00
4d315c30-0f28-565a-8c9e-581ea29bc467,48a768e1-8c8b-5a8e-b04d-28a3312f4f03,jp,ライト,2026-06-19 14:29:13.611862+00
4d936e80-b898-593f-ab3b-3245f0540560,928469d1-0f17-5db3-a19b-d28f31a00380,zh,奥菲斯&「鬼火」,2026-06-19 14:29:13.611862+00
4dfe15b1-0552-54f5-ae76-d4a47d536c4a,1cb8defd-b395-5679-a5a4-e47308ff7fad,kr,유즈하,2026-06-19 14:29:13.611862+00
4e2b27ce-9d15-58b8-b05d-46de5cc72125,d3dcdc2c-2831-5770-ad7e-f6d58fa78712,zh,寒鸦,2026-06-19 14:29:13.611862+00
4e61cafc-20fe-54f1-a078-b4445d762a5e,ad5726ea-f4a0-52ee-b2df-d293a43a87ad,zh,奥古斯塔,2026-06-19 14:29:13.611862+00
4eab1a3e-8011-507c-acac-11daeed63678,c742d01b-7055-5db8-b16f-3a6a939d63b2,zh,洁尔佩塔,2026-06-19 14:29:13.611862+00
4f00bc98-e8d2-58ee-bef0-485b101ef692,1d0fc590-86d4-5b62-b668-22b12b10fa31,jp,アールト,2026-06-19 14:29:13.611862+00
4f208b0a-016e-5749-92e8-c5fdc29f0ea5,ce41c8ca-0c14-5b09-bf38-0e7cdc1e2f19,jp,千咲,2026-06-19 14:29:13.611862+00
4f437e83-d72f-5acd-ac03-b917b7616ebc,d08d43de-1119-5e77-9a82-51e75288751d,kr,라파,2026-06-19 14:29:13.611862+00
4facea6d-9bdd-5114-a38f-c984c12cd934,38ec45ad-b0f5-561c-995a-a1402d7684f6,kr,청작,2026-06-19 14:29:13.611862+00
5053e402-22ed-58d6-b46f-2e393cd63e9b,2e7a4eaf-e28d-5541-b110-ba0f3a59d934,en,Hugo,2026-06-19 14:29:13.611862+00
505aa2c8-2fa2-5a6e-b924-31c0f24a126f,232b12f3-2510-5cdf-b40c-e3c92d72c660,en,Baizhi,2026-06-19 14:29:13.611862+00
506640cd-e4ec-5a14-85a8-fddea629b37e,a9479f22-983c-5dd9-863c-59d7d5c3eab6,zh,渊武,2026-06-19 14:29:13.611862+00
5093baea-8075-5335-8882-3c9ea3fbdc51,74a64c57-bb44-5d2e-a841-3823342bd6c3,zh,简,2026-06-19 14:29:13.611862+00
50d55b0a-6ee1-5ede-af93-2b713cd09843,9c049892-e371-5bce-a1bb-cdb44edd7c56,zh,赞妮,2026-06-19 14:29:13.611862+00
5117fffe-8ceb-58f2-aebc-7e82af66cdef,21692d47-734e-5634-966a-518141d3f013,zh,绯英,2026-06-19 14:29:13.611862+00
51277557-c6fb-5cd0-a0f6-c2572ab2c72c,7d3b194f-11cb-57c2-930d-1dd19f33234b,kr,이드하리,2026-06-19 14:29:13.611862+00
512bfb86-01ae-5b89-89cb-514cb5142a28,042bfe28-e547-5fe1-84a6-69ec68193cb6,en,Firefly,2026-06-19 14:29:13.611862+00
512feaa8-55c8-5100-a61e-ea19017ab63c,1a5351f2-63a1-53ad-a95f-d160dca2e5fa,en,Jade,2026-06-19 14:29:13.611862+00
515a50af-7a48-5843-b596-80b0b8d35255,edf777a2-044c-594b-9336-b1b3cbac2b89,jp,丹恒,2026-06-19 14:29:13.611862+00
52a57953-a491-509d-ba46-b92b17e41bd0,585dc66a-1892-54c1-ba49-23b4b17ce7fb,kr,린네,2026-06-19 14:29:13.611862+00
52a79889-8949-5120-8263-f8bcce6e27b8,403f3dc9-176d-5a07-ade9-4fac8de0b2dc,en,Grace,2026-06-19 14:29:13.611862+00
52d73385-4de0-5302-af59-2d6b0c48d9a1,6a5ca501-cdad-53f0-b18b-3850a2f09cfe,jp,ロビン,2026-06-19 14:29:13.611862+00
53fea30f-902f-56de-a168-742db0738ee4,2ed3a5e1-b8f9-576f-aaf7-aff5f129d9f5,zh,克拉拉,2026-06-19 14:29:13.611862+00
547a8bce-54e9-50f3-bc86-cb73d268b82d,e9c4afa0-6c98-5932-9954-9169ed1e948f,zh,银狼LV.999,2026-06-19 14:29:13.611862+00
54a15511-7878-5bb2-a66a-897a8357991d,d659e052-f741-5181-b770-0cc4b42c94b0,jp,リュシア,2026-06-19 14:29:13.611862+00
54de8896-8272-5aed-9a30-ac6702254de0,4293a0f5-a8fe-5e16-ae9e-ace7b6c51fb2,jp,刃,2026-06-19 14:29:13.611862+00
5525b94f-e0c4-5c0c-a6d3-32284235e185,1edc210d-b417-5af5-bc57-418fc1b438d9,zh,九原,2026-06-19 14:29:13.611862+00
5550ea88-4795-5569-9f0f-81b478974d7e,a08b70b4-cae2-52ad-a2c0-2b91bb6708f3,jp,ルーシー,2026-06-19 14:29:13.611862+00
55855d71-57ce-534a-b4d8-7b0ed3614313,cabf993c-dcff-5a7b-9ce4-fe9063e3ee13,jp,千夏,2026-06-19 14:29:13.611862+00
56a2cae7-f42c-5984-86f5-97f49a869934,3e28e816-4315-58f8-95c7-3c2397ea184b,jp,フローヴァ,2026-06-19 14:29:13.611862+00
5725dabc-19cf-5f9c-b038-bf1521138b6a,cef2d479-5d9c-5434-86ab-2a31c33f95aa,jp,姫子,2026-06-19 14:29:13.611862+00
589ee62f-61c9-5da0-ae76-cbdd16078627,74c05933-69be-5782-b2db-af4df8970d7f,jp,モーニエ,2026-06-19 14:29:13.611862+00
59198e6f-05c5-5383-b2dd-476431952af0,9f9e05fe-fc39-5de7-9314-fc02d99655b8,kr,빌리,2026-06-19 14:29:13.611862+00
596fcd47-b10e-5f06-bf96-dd68fdf539f2,328e9346-54db-5943-aa78-709c152bf3a8,en,Acheron,2026-06-19 14:29:13.611862+00
5997bf17-54cc-5594-84f8-55a13f57432e,ba2ef48e-5143-59cb-8c22-435b67c39cb6,zh,坎特蕾拉,2026-06-19 14:29:13.611862+00
5a03bb93-b246-5b4a-b8d2-84887a635603,df2e533a-12ad-5686-beeb-350d9657a590,en,Seed,2026-06-19 14:29:13.611862+00
5a452e61-176d-5dda-84a1-1488d095664a,258c9169-d986-573f-90ec-545444234024,jp,カカロ,2026-06-19 14:29:13.611862+00
5ae5c892-78af-5d1b-b878-aa669e172cb7,85327317-9c95-525e-999e-47bb1ec52fe6,zh,仪玄,2026-06-19 14:29:13.611862+00
5aeec6e9-73f5-5e91-b042-abaea0f15df8,b60a4136-661d-5e82-bab9-831de4f1abb7,zh,丽贝卡,2026-06-19 14:29:13.611862+00
5b05efb8-1def-5ad8-8f8c-880cc4ba8730,24031ef9-fe8c-53ca-b0ed-c13f3595e922,kr,경류,2026-06-19 14:29:13.611862+00
5b3975c1-628e-5394-903a-8283ab8f6fcf,62a74bc6-9fa3-5039-a723-c23e708ed641,en,Hyacine,2026-06-19 14:29:13.611862+00
5bff52dd-e269-52b8-a4f3-d44b5a1e55f0,fe90b54a-0f0c-54d4-be9e-791e1d9e3d6d,kr,하루마사,2026-06-19 14:29:13.611862+00
5c6fd8e8-7e04-56ca-a30f-b8953053c905,df2e533a-12ad-5686-beeb-350d9657a590,jp,シード,2026-06-19 14:29:13.611862+00
5ccbeb19-e367-5a68-a7dc-ee6193aa2fcf,25474691-0f98-5bfc-a061-a7f1c615a452,zh,达芙蒂尔,2026-06-19 14:29:13.611862+00
5d4806c0-f48a-51fc-a350-e95b0a0ae18b,ad5726ea-f4a0-52ee-b2df-d293a43a87ad,jp,オーガスタ,2026-06-19 14:29:13.611862+00
5d7a183d-ee53-511e-ba46-a1556bc3d275,4eef5619-de07-58ad-a982-70618f750d78,zh,白藏,2026-06-19 14:29:13.611862+00
5da6b1be-a5e6-5222-adcf-087b00d65cc5,1b7c1597-3da4-5694-b728-aa6804ebbc00,kr,스파키,2026-06-19 14:29:13.611862+00
5db18dbb-0fe3-571e-a2b0-e32e67b42247,1cb8defd-b395-5679-a5a4-e47308ff7fad,en,Yuzuha,2026-06-19 14:29:13.611862+00
5e189e7e-4f37-5204-bc10-423f8974df25,8c8ceb72-2476-512f-8ac3-f398cd00c9e5,zh,阿列什,2026-06-19 14:29:13.611862+00
5e371c68-f803-5d91-b4a4-bd41c8ad8b42,e17135e5-f805-5f2e-aede-914abab980d7,jp,ギャラガー,2026-06-19 14:29:13.611862+00
5e688073-f82d-5255-a131-ade75ccbffd2,634a4cf7-0328-5d47-b6bf-30f493c5345b,jp,銀狼,2026-06-19 14:29:13.611862+00
5f1b4efb-4bb8-599b-ae69-aef51f52b371,9bdb4871-f682-564f-a578-c9205a5827b3,kr,니콜,2026-06-19 14:29:13.611862+00
5f27ffa1-ffeb-5607-8177-c853e47f676f,913312d7-07e3-53a5-b607-f070b1cd7d7b,jp,カフカ,2026-06-19 14:29:13.611862+00
5f2e34a7-1606-51fa-ba50-c6a227ec8f61,b9a66099-5542-5dec-82c0-1e4b587d2b06,zh,海瑟音,2026-06-19 14:29:13.611862+00
5f87b033-72c0-5329-90b3-82ee2f1f2169,2174ca2e-8495-50e3-8272-156e3e6523e4,zh,埃德嘉,2026-06-19 14:29:13.611862+00
5ff551ef-e8f8-5015-a6f2-4f214f7bb926,8ce6c61c-d791-5c63-9cfd-acebdabcb03b,jp,シャコンヌ,2026-06-19 14:29:13.611862+00
601ed122-0403-5e3b-8bfb-6391f18cc8bb,634a4cf7-0328-5d47-b6bf-30f493c5345b,zh,银狼,2026-06-19 14:29:13.611862+00
604e35ac-1fa7-54fe-b632-5924eb7edbfc,fe3bb351-0c1d-5497-b89e-fc2a9169eb90,zh,三月七（巡猎）,2026-06-19 14:29:13.611862+00
613f2943-238b-5120-9b4b-a74651f930f0,24025e8d-05d2-570f-93fd-0b8b005fa3c6,en,Yao Guang,2026-06-19 14:29:13.611862+00
618089e1-7f24-5cec-a290-9bf07a2ba08d,403f3dc9-176d-5a07-ade9-4fac8de0b2dc,jp,グレース,2026-06-19 14:29:13.611862+00
61a37f01-c521-520f-b619-7903a23e444b,ef2566c5-7470-5b7e-bb6f-bd6066f7f852,jp,ユーノ,2026-06-19 14:29:13.611862+00
61f30b67-c57d-5285-a467-22a864f0e5d7,ed355791-66f1-5d91-b28e-9c721a45b562,zh,霍霍,2026-06-19 14:29:13.611862+00
623adaca-a63e-5f7d-9645-2921358145fd,e17135e5-f805-5f2e-aede-914abab980d7,kr,갤러거,2026-06-19 14:29:13.611862+00
626ab359-6f79-5cbd-a78a-b32b406c6727,d3dcdc2c-2831-5770-ad7e-f6d58fa78712,en,Hanya,2026-06-19 14:29:13.611862+00
629b8db4-9056-54e1-a0da-70ed870421b4,fc51c66f-a1b3-5935-bbb7-2bbe19e62233,kr,코마노 마나토,2026-06-19 14:29:13.611862+00
62be47b3-bf69-532c-bdf4-0f559eab920c,8ce6c61c-d791-5c63-9cfd-acebdabcb03b,en,Ciaccona,2026-06-19 14:29:13.611862+00
62c014fd-fa6f-5111-aa7e-0e056a9d73ce,24031ef9-fe8c-53ca-b0ed-c13f3595e922,en,Jingliu,2026-06-19 14:29:13.611862+00
62c7f595-db9b-513b-8f59-b969aabe1460,bc1b1d03-93fe-51cf-a361-8da77a56dfaf,en,Trailblazer,2026-06-19 14:29:13.611862+00
63026b36-1221-5d48-9163-4ba43f635599,2382b4a0-ca2c-586a-a93d-2c65c616453c,zh,管理员 (女),2026-06-19 14:29:13.611862+00
63599633-1133-50e1-903f-30dcf2ab1ec0,2bcbd0bd-2983-53eb-84b1-bb9a6f57e0a1,jp,ブートヒル,2026-06-19 14:29:13.611862+00
636b39fe-9020-5c57-aae1-7c3d5b92a234,7f663da3-4b8f-5fb8-9786-2ecada264897,zh,刻律德菈,2026-06-19 14:29:13.611862+00
63c595ee-de05-51b9-8c8f-319d93c72be3,736a8d04-7c41-59f5-ac98-a4bb8f3fa522,kr,버니스,2026-06-19 14:29:13.611862+00
649d23d4-5908-5da7-950c-7006398bcee9,f033ff10-3c9c-5c81-8645-0bf1ad2e1a0f,kr,아젠티,2026-06-19 14:29:13.611862+00
65aca7c1-10a6-5a1d-91d1-20dac780a38d,abad5aba-e99f-52c8-8dc8-b06dd8366651,en,Soldier 0 - Anby,2026-06-19 14:29:13.611862+00
660564c8-4ddb-50a2-897a-e99371ce5b2e,aa7df507-317b-532e-a7fb-0f7149dfa79b,zh,橘福福,2026-06-19 14:29:13.611862+00
660f3cb9-5ad4-57d2-8946-0ba2de8e0f87,3f5f13d7-6f47-55a1-8ea6-e7738e01e103,zh,开拓者•欢愉,2026-06-19 14:29:13.611862+00
6639cdfe-9b59-51d5-b552-67e76432f0df,d67a7be3-bf13-5e6c-98b4-7e0063c9e9a1,jp,ジェパード,2026-06-19 14:29:13.611862+00
666be7bf-4ade-5ed5-ac7e-0d7ce6b6794c,a0379cd9-dbf9-5dc4-863e-ae4e7655fba8,en,Soldier 11,2026-06-19 14:29:13.611862+00
6674bf07-2dec-55dc-be82-08a26e470008,c45172b7-bf98-5e0b-99ae-f7babca9645f,kr,양양,2026-06-19 14:29:13.611862+00
66782069-66ef-5bbd-8540-9b3afec43169,60e58ca5-465c-5704-a498-b4872f6822f1,jp,飛霄,2026-06-19 14:29:13.611862+00
66d5e830-d128-5a65-8c07-cf0e9cb64561,bedbb346-3368-5684-8f16-d9a63536a3e7,en,Aria,2026-06-19 14:29:13.611862+00
673c667a-9ada-5d23-b666-2a8dc12b48f9,ff2b015a-6ab2-53de-8da9-ade051bc5fff,en,Luuk Herssen,2026-06-19 14:29:13.611862+00
67e59ba3-3e41-5263-a639-4f8ea3ee08ac,e4639064-8746-5a39-a2e3-fb809d4e73bb,zh,貊泽,2026-06-19 14:29:13.611862+00
67f86f12-468b-595f-bf54-e65d1d1a5ed6,9438321c-2eb4-51ec-87b8-3b36b7ebd070,en,Saber,2026-06-19 14:29:13.611862+00
6873ee27-0848-5301-8fc7-7f183baff200,319ca6ab-5f3e-57ef-80cc-f1d4663cffaf,jp,アンビー,2026-06-19 14:29:13.611862+00
68c98426-a868-51fa-a183-8d6dfcd3a37c,42f1c024-ecad-5576-9517-38520de9e84a,kr,산화,2026-06-19 14:29:13.611862+00
698c73b0-0eb4-5d50-925b-8a3f1e7839db,cef2d479-5d9c-5434-86ab-2a31c33f95aa,en,Himeko,2026-06-19 14:29:13.611862+00
6a14ef0e-6c7c-5093-8606-2c2a32aa6101,5753daef-de97-52f8-9a57-e8b66eb77c63,kr,모르테피,2026-06-19 14:29:13.611862+00
6a1a7c0a-587e-5f35-9e21-1583a731aaa2,18b934f5-6976-5fbf-a236-ebc1793192ba,zh,般岳,2026-06-19 14:29:13.611862+00
6a2eb292-94aa-5d1a-a1b2-786d9b4dfacf,a29da9e8-6314-585a-ae5b-3d1af3b4ee8d,en,Dr. Ratio,2026-06-19 14:29:13.611862+00
6a30e8a4-b673-5261-8fe1-c9156829a75b,29b85018-415e-5ac2-a7f7-b8ee54982fdb,en,Ruan Mei,2026-06-19 14:29:13.611862+00
6a5c8392-6ae2-5d71-8221-6ffd8598ebbb,24025e8d-05d2-570f-93fd-0b8b005fa3c6,kr,효광,2026-06-19 14:29:13.611862+00
6ab0ffe5-a8d6-50fc-9e5d-e89f7b7cebeb,a2e885de-e3b0-5970-89c5-073561d2f870,jp,アーチャー,2026-06-19 14:29:13.611862+00
6b490f40-5808-57e6-8173-db73222d71a1,5b394057-66c5-509c-9cfe-fd46b5dd447f,zh,罗刹,2026-06-19 14:29:13.611862+00
6b72c41d-fabd-589e-9320-5ca889be64d3,fc51c66f-a1b3-5935-bbb7-2bbe19e62233,en,Komano Manato,2026-06-19 14:29:13.611862+00
6bcb1cb0-6079-537d-9b7d-95e75e2e8b28,73cbfd1a-012b-5e13-8bfe-209a91d56995,zh,黑天鹅,2026-06-19 14:29:13.611862+00
6ca88f71-0ada-5986-b379-a64320ee91ab,68a4c61b-67da-5f7a-95de-7d5d1fa3c58e,en,Tingyun,2026-06-19 14:29:13.611862+00
6cee3c4a-2778-519d-bcf3-dfebc6920b88,67518710-4499-5d0a-90fb-72dce401ced9,kr,후크,2026-06-19 14:29:13.611862+00
6d902f6c-d637-58c0-a46b-c9e7d8ee0885,5753daef-de97-52f8-9a57-e8b66eb77c63,en,Mortefi,2026-06-19 14:29:13.611862+00
6db243d9-30ad-5b5a-8acc-0eab483da549,39a099f6-6054-536e-a9ae-5372a665893c,zh,洛茜,2026-06-19 14:29:13.611862+00
6dc39ed7-8f23-511c-bb35-bf1fa57d9a42,c6b4a923-a7b4-5c0c-b22b-78d02217fe96,jp,ビビアン,2026-06-19 14:29:13.611862+00
6e0103ac-48cb-5c7d-931f-ac8d4ac32c9b,351e3969-fa59-5e7f-9704-d6c9fb646ac4,jp,プルクラ,2026-06-19 14:29:13.611862+00
6f723753-27bb-5726-8b39-ca4f0068d046,b9a66099-5542-5dec-82c0-1e4b587d2b06,kr,히실렌스,2026-06-19 14:29:13.611862+00
6f93a599-50f7-5d27-9984-56264c52e242,6f67650b-266c-5064-9013-8e27ccd602e0,en,Piper,2026-06-19 14:29:13.611862+00
6faf7ea8-7908-5ad8-ba3b-d58d9fd07da5,ad5726ea-f4a0-52ee-b2df-d293a43a87ad,en,Augusta,2026-06-19 14:29:13.611862+00
6fb65a23-4c24-5a7c-99ef-580061969bc0,c7abcbd3-38a6-5f4a-9f2e-69a368bbc18f,jp,マダム・ヘルタ,2026-06-19 14:29:13.611862+00
6fef9cc0-2741-5d9d-a649-c3347e9b2109,1d0fc590-86d4-5b62-b668-22b12b10fa31,en,Aalto,2026-06-19 14:29:13.611862+00
6ffb589b-a746-53f0-9679-63b760cf26ea,fc51c66f-a1b3-5935-bbb7-2bbe19e62233,jp,狛野真斗,2026-06-19 14:29:13.611862+00
701881fc-e512-52ee-9a85-3853f3ef9151,928469d1-0f17-5db3-a19b-d28f31a00380,kr,오피 & 「도깨비불」,2026-06-19 14:29:13.611862+00
70615d3c-a977-5533-a70b-11f3785c900c,b5e20058-18a0-565b-942c-c655232ef432,kr,스파클,2026-06-19 14:29:13.611862+00
7092dcbb-cb2b-5930-9b3c-a511abe2d363,c4e77de8-2abb-57ea-9b92-2f00cf9565a2,en,Aglaea,2026-06-19 14:29:13.611862+00
70cea759-7793-51c1-8f82-666facc85340,d1e4fabb-97c3-54b1-b933-9cf6577b900f,kr,치샤,2026-06-19 14:29:13.611862+00
70d29faa-8101-51d6-a6e1-47dea37f49b3,48a768e1-8c8b-5a8e-b04d-28a3312f4f03,en,Lighter,2026-06-19 14:29:13.611862+00
7100eef3-d6ac-5dd2-b560-9a19ac384904,57bd6a33-d155-5706-b233-5f3dabbcf2b3,zh,赛飞儿,2026-06-19 14:29:13.611862+00
71211dbc-5792-5ad0-a332-5c8e1c7e881d,1b7c1597-3da4-5694-b728-aa6804ebbc00,en,Sparxie,2026-06-19 14:29:13.611862+00
72012d03-5df8-595d-a2bc-fae95ce1875e,d08d43de-1119-5e77-9a82-51e75288751d,en,Rappa,2026-06-19 14:29:13.611862+00
72319fcf-d12f-5def-94e7-ae44c9067c7a,79e417bd-c3cb-5636-b6a6-86452fa40968,kr,아스트라,2026-06-19 14:29:13.611862+00
723b994a-d539-51e1-bc38-4c718c6a905d,d16cdec9-424f-5915-a61f-28c5d35ff322,jp,エレン,2026-06-19 14:29:13.611862+00
7292390f-6ac7-5b92-a21c-62fca6412582,8dbfbb01-e010-5c64-8dac-325f9820c44b,zh,潘引壶,2026-06-19 14:29:13.611862+00
72ffa9e8-ad53-5c72-9881-3885d3afd67b,9f039381-b214-59cc-9533-8da4b16927e4,en,Youhu,2026-06-19 14:29:13.611862+00
73171a92-8c8a-56a9-af94-5d750bbd9198,a924c690-e5eb-50cb-998c-9f185e335eaa,kr,루카,2026-06-19 14:29:13.611862+00
73361ea7-903a-5d34-8d6f-8a1c0830d4f0,1c106691-5a1c-547a-bfe9-eca000ec5b37,jp,丹恒・騰荒,2026-06-19 14:29:13.611862+00
749dcb9e-ce09-5635-98af-d7239347ba49,1d0fc590-86d4-5b62-b668-22b12b10fa31,kr,알토,2026-06-19 14:29:13.611862+00
74d21c31-89da-5ff2-ac7a-e97a46e6afa3,1c106691-5a1c-547a-bfe9-eca000ec5b37,zh,丹恒•腾荒,2026-06-19 14:29:13.611862+00
74dc2102-8e10-56ba-8039-b22add3eec91,67518710-4499-5d0a-90fb-72dce401ced9,zh,虎克,2026-06-19 14:29:13.611862+00
75ede1a4-ae50-5f2e-8901-adedf0b25aff,50350522-85b9-52aa-b41f-e0db5d340154,en,Serval,2026-06-19 14:29:13.611862+00
772fa0c4-c08f-5d73-92ce-b9dfe7d69517,5b394057-66c5-509c-9cfe-fd46b5dd447f,jp,羅刹,2026-06-19 14:29:13.611862+00
77458d1d-1afe-5cf7-b5c2-f6dcfdc0b780,5784ce92-7095-59f5-bf88-13bf5273bd45,zh,佩丽卡,2026-06-19 14:29:13.611862+00
774c4eb1-7def-5c4f-802b-e78ad2537d93,2ed3a5e1-b8f9-576f-aaf7-aff5f129d9f5,jp,クラーラ,2026-06-19 14:29:13.611862+00
7767597a-446c-546d-bb40-1417a2c62b9c,232b12f3-2510-5cdf-b40c-e3c92d72c660,kr,설지,2026-06-19 14:29:13.611862+00
77abfb6a-b623-5477-b804-bf03350455b6,85327317-9c95-525e-999e-47bb1ec52fe6,kr,의현,2026-06-19 14:29:13.611862+00
77ca215c-37d2-5f83-964e-d46dbc319f30,6ce6e2d9-0f63-5ce6-bcf2-75c944cd5a2f,kr,청의,2026-06-19 14:29:13.611862+00
77dc8eae-21ee-58db-ba36-60ddf648bfbd,75b8f146-aa92-5f4c-9af3-b28d5cbe6301,en,Seele,2026-06-19 14:29:13.611862+00
7814d67f-a86e-5cf9-9d1f-77521753e55b,6a5ca501-cdad-53f0-b18b-3850a2f09cfe,zh,知更鸟,2026-06-19 14:29:13.611862+00
783f3484-704b-5665-9d2f-848a5604faff,edf777a2-044c-594b-9336-b1b3cbac2b89,en,Dan Heng,2026-06-19 14:29:13.611862+00
786eac5e-adc1-5704-ab9f-072ef7cf5c0a,78b3e5e0-1c26-5c43-950a-ba1a7a7c88d2,en,Aventurine,2026-06-19 14:29:13.611862+00
788dfc9a-e588-5083-9c3b-3748c73c8020,5ae53186-b0d9-5610-b13f-f0fdfabcf40b,en,Koleda,2026-06-19 14:29:13.611862+00
78eacb35-914c-56a0-8ff6-5e7fc510600f,d2607528-f55a-5209-b9df-df989938e80c,en,Camellya,2026-06-19 14:29:13.611862+00
795e2b7d-9402-5b0a-a738-a94c03df1d42,7068b1b7-aaf5-502a-9245-b7c8f993b5ea,kr,방랑자 · 기류,2026-06-19 14:29:13.611862+00
796158fd-154f-5150-8f28-892d148a0c5e,fa334f9f-47e5-5d06-82b7-c3c80d7fee1e,zh,姬子•启行,2026-06-19 14:29:13.611862+00
79c7e19f-aab7-5608-a16e-c94db6c7a344,68a4c61b-67da-5f7a-95de-7d5d1fa3c58e,zh,停云,2026-06-19 14:29:13.611862+00
79d1205f-4529-5d1e-952d-9b1d5c268b8f,85b5a5e2-5ae6-5835-b420-52be62956eaf,kr,경원,2026-06-19 14:29:13.611862+00
7a4d9788-3c55-55fa-b80a-c25ca1f9cbf0,826c10d4-f5c0-5465-80d0-7273edad5cd3,jp,ブラント,2026-06-19 14:29:13.611862+00
7a6a203b-1676-51db-8266-9fb01aa6a479,6a9285e8-a8c5-5f53-8e47-6a00e0021007,en,Yinlin,2026-06-19 14:29:13.611862+00
7ae83e06-af9e-54bc-9c62-20fa8fac9e9f,736a8d04-7c41-59f5-ac98-a4bb8f3fa522,en,Burnice,2026-06-19 14:29:13.611862+00
7b3f7330-45e4-5b11-96d1-b100172013b6,2bcbd0bd-2983-53eb-84b1-bb9a6f57e0a1,zh,波提欧,2026-06-19 14:29:13.611862+00
7bd11d79-3e36-506a-a498-65c66a3c7ac6,abad5aba-e99f-52c8-8dc8-b06dd8366651,jp,0号・アンビー,2026-06-19 14:29:13.611862+00
7c384c73-b092-5f34-b7fc-d3b74a386a56,9bd73d74-b7f9-5422-a55a-95b0e39ec7b0,en,Galbrena,2026-06-19 14:29:13.611862+00
7c465398-d0a4-5716-8ff4-4a07ea9c29fa,df2e533a-12ad-5686-beeb-350d9657a590,zh,席德,2026-06-19 14:29:13.611862+00
7ce12678-dd6a-53f9-93b3-657feb9faa02,9caaed78-ace6-5aa2-bcc0-1b15f391acb8,jp,モーディス,2026-06-19 14:29:13.611862+00
7ce41188-9e1b-5ada-adec-567e8ea957d5,2bd978a0-f43b-5fbd-b96e-7939e6b1c862,jp,トリガー,2026-06-19 14:29:13.611862+00
7d2ee450-fd5c-544f-b94d-a22519c0b3cf,802bc471-2731-5c65-87c3-1f25d4a80ab3,zh,素裳,2026-06-19 14:29:13.611862+00
7d7848cf-2fd5-5053-9db3-86fec0ec0ff0,ff2b015a-6ab2-53de-8da9-ade051bc5fff,kr,루크 · 헤르센,2026-06-19 14:29:13.611862+00
7dedacf9-1a7a-5573-afe2-feb5f7efff43,ba2ef48e-5143-59cb-8c22-435b67c39cb6,kr,칸타렐라,2026-06-19 14:29:13.611862+00
7e66452d-6a24-53d5-b259-71c8895008cb,8d0929fe-639b-5acc-bec8-59cbb456147a,kr,파이논,2026-06-19 14:29:13.611862+00
7e831f5f-c593-5241-85a0-845174eb2079,ad0b0ca3-bfe0-51ac-95be-8ef355a9bee1,en,Welt,2026-06-19 14:29:13.611862+00
7ef41fc3-1ce1-5c93-b5f5-1b83613f8f6a,f63c3e05-dae0-5047-922f-c34f95ff7806,zh,维琳娜,2026-06-19 14:29:13.611862+00
7fb85e31-173a-55a1-8b34-f34e1fd7c5f5,b3a3fbd3-ca81-593a-854d-5e92308b6522,en,Jiaoqiu,2026-06-19 14:29:13.611862+00
8013c949-8613-5e7e-9e70-2931eb9ee249,a9479f22-983c-5dd9-863c-59d7d5c3eab6,en,Yuanwu,2026-06-19 14:29:13.611862+00
806211a1-7e10-5c42-b3cb-83944265e065,2d45f6d3-1e3d-5197-9c4b-2656ecb44da4,kr,코린,2026-06-19 14:29:13.611862+00
80bf70d4-5020-53e5-862d-d6ad2a779670,fe90b54a-0f0c-54d4-be9e-791e1d9e3d6d,en,Harumasa,2026-06-19 14:29:13.611862+00
80c2abd0-ae42-5449-8ae8-7601ca94ebc7,f670ea96-df0d-5544-babc-2b3cfede16c5,zh,远坂凛,2026-06-19 14:29:13.611862+00
80e230ca-475a-507e-a325-7d4f05be4288,b2dcd0bb-c9f9-5cb7-91bd-b912796d4b37,zh,维里奈,2026-06-19 14:29:13.611862+00
813506f6-7b14-5f8b-9823-44ab7e3df0d1,042bfe28-e547-5fe1-84a6-69ec68193cb6,zh,流萤,2026-06-19 14:29:13.611862+00
822a5cff-a7df-5729-b944-2c5ab803cf51,2bd978a0-f43b-5fbd-b96e-7939e6b1c862,en,Trigger,2026-06-19 14:29:13.611862+00
82f7faef-51cc-50ce-aa9b-4884563ba255,a4b22962-0a38-5219-8f73-d204b90c8045,jp,桂乃芬,2026-06-19 14:29:13.611862+00
83d16c65-fd18-5401-8e6e-b560d9accbdd,cabf993c-dcff-5a7b-9ce4-fe9063e3ee13,en,Sunna,2026-06-19 14:29:13.611862+00
83ffd068-09e7-55cd-9504-155e5a70e4af,9b7b16b5-3859-5b3c-b389-656fece3ab32,zh,浔,2026-06-19 14:29:13.611862+00
8462edc2-5b13-5980-bffa-ab709f21fdff,a0379cd9-dbf9-5dc4-863e-ae4e7655fba8,zh,11号,2026-06-19 14:29:13.611862+00
8488e8ab-7a05-569e-a1c1-98dc6e3a7e17,81b985b7-6a49-5e2b-becb-5fb00d8574a2,jp,セス,2026-06-19 14:29:13.611862+00
84fb46b0-a656-5e91-af51-69235bd77756,c7c356f9-9312-5e66-8833-a52ff008063e,zh,安塔尔,2026-06-19 14:29:13.611862+00
85a364b6-6638-5519-bce5-29cd1d0b01f5,d2607528-f55a-5209-b9df-df989938e80c,jp,ツバキ,2026-06-19 14:29:13.611862+00
85c9ca9c-d3d9-5182-9740-35dab65c3f3d,ab758e38-1795-536a-abca-fef0d4840e45,kr,앤톤,2026-06-19 14:29:13.611862+00
85ff1cc4-b0da-5f22-8d3c-29a9a9d264a6,6a9285e8-a8c5-5f53-8e47-6a00e0021007,kr,음림,2026-06-19 14:29:13.611862+00
860f55a7-ec04-5af6-b715-b3c2f3654ebe,55d7babb-b256-5b99-aa51-0dea2ba40103,jp,ライカン,2026-06-19 14:29:13.611862+00
86498dc9-2ddc-5373-a5d2-a18c73ac9dfd,e691a70e-4b01-5fd8-960f-4c4734cdeb4b,kr,금희,2026-06-19 14:29:13.611862+00
87877924-2149-549e-b01e-8fd553f640c5,aa7df507-317b-532e-a7fb-0f7149dfa79b,kr,귤복복,2026-06-19 14:29:13.611862+00
87ab974f-6701-590e-829d-7145dfe82d1c,957f4f37-344a-5182-8678-0f085cdafe89,zh,凌阳,2026-06-19 14:29:13.611862+00
87ba4ba2-766e-5b85-a9f3-f11ffc1b41b0,9d7252af-aaf4-5234-a015-d1a2d9591497,zh,凯撒,2026-06-19 14:29:13.611862+00
87dce3dd-a375-568e-9317-97bef6ba4dba,d16cdec9-424f-5915-a61f-28c5d35ff322,zh,艾莲,2026-06-19 14:29:13.611862+00
886b9080-2a44-5313-ae7d-2a28f711ed5b,9bd73d74-b7f9-5422-a55a-95b0e39ec7b0,jp,ガルブレーナ,2026-06-19 14:29:13.611862+00
8884a17a-27ad-5a2f-8a3f-9fe6dfb4c18d,b5b47d41-8aba-553c-aa59-81eb84d24805,jp,猫又,2026-06-19 14:29:13.611862+00
88d01ddd-1a98-5e54-a1bf-240737a2940c,1a5351f2-63a1-53ad-a95f-d160dca2e5fa,kr,제이드,2026-06-19 14:29:13.611862+00
88ea1514-cbb4-5107-b571-25a28e41a232,d1b8bec8-107c-5c0d-be80-18b177d32c8a,jp,彦卿,2026-06-19 14:29:13.611862+00
8927b7c9-5b42-579c-94ed-a73b77666728,f033ff10-3c9c-5c81-8645-0bf1ad2e1a0f,jp,アルジェンティ,2026-06-19 14:29:13.611862+00
89b74797-269b-5738-9671-64d79216cb16,0ff30224-209f-5845-83e4-39b552fa4ad8,en,Zhu Yuan,2026-06-19 14:29:13.611862+00
8a2f33d2-de1b-5eb3-9d95-d0753123c428,ab758e38-1795-536a-abca-fef0d4840e45,jp,アンドー,2026-06-19 14:29:13.611862+00
8a5c4a99-3d78-5b33-a432-d5e7565996b2,7ee6d558-c8a0-55e6-a446-305684ab6ab9,en,Jianxin,2026-06-19 14:29:13.611862+00
8a66745e-64af-508a-aff7-fe8f96ac8109,d1e4fabb-97c3-54b1-b933-9cf6577b900f,jp,熾霞,2026-06-19 14:29:13.611862+00
8ab632cd-cc45-57c0-90d1-70b918f78737,9466ac7c-46f8-521e-9027-7a70ab65b0e7,en,Arlan,2026-06-19 14:29:13.611862+00
8b1d431e-8676-5500-9427-ad366e579f6a,5ee4d55d-07d9-54c2-8acf-2128c903a0e1,jp,卜霊,2026-06-19 14:29:13.611862+00
8b8d2f9a-5ebb-5ac8-8426-f5ab969db9ea,b5b47d41-8aba-553c-aa59-81eb84d24805,kr,네코마타,2026-06-19 14:29:13.611862+00
8c182c5f-8cc7-58f8-8937-837952d15329,8836a706-cc5a-5824-8853-aac3e799c529,kr,Mar. 7th,2026-06-19 14:29:13.611862+00
8c1e9d2d-2407-5fee-ad1d-df470ffdc5a7,09401f00-f115-54bd-bcd7-13a5ee49944d,en,Miyabi,2026-06-19 14:29:13.611862+00
8c639e8f-8e5b-5edf-8977-ff5486fafbf1,a82e5abc-06e6-59dc-8399-16b7007c2e7f,jp,霊砂,2026-06-19 14:29:13.611862+00
8c8d2734-e486-57a6-a211-f0acf832e16e,6f67650b-266c-5064-9013-8e27ccd602e0,kr,파이퍼,2026-06-19 14:29:13.611862+00
8ca6137b-b17b-56b3-b9d0-4bee7f116015,a82e5abc-06e6-59dc-8399-16b7007c2e7f,zh,灵砂,2026-06-19 14:29:13.611862+00
8cc66cb5-d4aa-5a68-b870-e5697cc65a7d,f8037fef-ce03-57b4-8419-d7f0faa99118,kr,엽빛나,2026-06-19 14:29:13.611862+00
8cfee809-4f64-584b-85a4-eb2e53e81509,913312d7-07e3-53a5-b607-f070b1cd7d7b,kr,카프카,2026-06-19 14:29:13.611862+00
8d276453-7fb4-5b61-afec-c4d7e5fb497f,ff2b015a-6ab2-53de-8da9-ade051bc5fff,jp,リューク・ヘルセン,2026-06-19 14:29:13.611862+00
8d7bc0e9-1470-5e29-9331-82c4150b1483,70a3fef7-15d4-5443-883b-a2dcfa702b2c,kr,다이아린,2026-06-19 14:29:13.611862+00
8de20dae-e970-5844-a80f-5d43693b28bc,c4bd2f8d-3a72-5d60-a4a2-ba2faeb16086,jp,トパーズ&カブ,2026-06-19 14:29:13.611862+00
8e2c4735-08b3-5e5d-b9ff-53513fa3dc90,aa0da005-a0d5-5e9e-82bc-9e5da478c405,kr,백로,2026-06-19 14:29:13.611862+00
8e7eb3e6-cab9-531c-8e42-783a7e0bd813,232b12f3-2510-5cdf-b40c-e3c92d72c660,zh,白芷,2026-06-19 14:29:13.611862+00
8ea313c0-4765-531d-a9e3-931e0196ee19,7a7ceed0-e416-55ff-a482-2cbc91099184,zh,伊冯,2026-06-19 14:29:13.611862+00
8eac676a-fc87-553f-85a4-cd37c7db8a89,ba71e985-1ef4-5cc4-b97f-c37c2f4eff5b,zh,丹瑾,2026-06-19 14:29:13.611862+00
8ee800c1-fcb0-53cb-bc7f-9e7148ba2880,1c106691-5a1c-547a-bfe9-eca000ec5b37,en,Dan Heng • Permansor Terrae,2026-06-19 14:29:13.611862+00
8f1bc05e-86f4-5c6b-8e5c-0c6893d34630,0e9beceb-4832-5ea1-98d1-743636672eeb,kr,선데이,2026-06-19 14:29:13.611862+00
8f9360c1-534e-5535-8b64-2d5231859ea6,57bd6a33-d155-5706-b233-5f3dabbcf2b3,en,Cipher,2026-06-19 14:29:13.611862+00
8fbc5d8a-c531-506e-8c04-31325998c743,826c10d4-f5c0-5465-80d0-7273edad5cd3,en,Brant,2026-06-19 14:29:13.611862+00
907317cc-d0de-5a94-8677-4c177d2bb291,e8d2a268-4e31-5662-9696-1ff510300ee5,jp,エイメス,2026-06-19 14:29:13.611862+00
907aa98f-c995-538b-9871-d8e6cbcf3c1b,c4e77de8-2abb-57ea-9b92-2f00cf9565a2,zh,阿格莱雅,2026-06-19 14:29:13.611862+00
920bde52-6452-5d9e-a964-30b06a159025,c4bd2f8d-3a72-5d60-a4a2-ba2faeb16086,kr,토파즈&복순이,2026-06-19 14:29:13.611862+00
9250e14a-6cdd-50b7-b583-4a20211b6ed3,5b28eb8d-9693-57da-8dc0-ee51b4abc91f,en,Last Rite,2026-06-19 14:29:13.611862+00
9272166a-e494-5b44-bfe1-10fb8d908db9,7068b1b7-aaf5-502a-9245-b7c8f993b5ea,en,Rover: Aero,2026-06-19 14:29:13.611862+00
927a80c9-ca2a-568c-9809-f1d02834278a,9f039381-b214-59cc-9533-8da4b16927e4,jp,釉瑚,2026-06-19 14:29:13.611862+00
931e9286-f076-5203-93dd-cacecfb30ac7,01cdb555-4023-522c-b14b-ee10551ad3f7,zh,佩洛伊斯,2026-06-19 14:29:13.611862+00
9425917c-b833-57d8-8bc4-a984aef4b7d3,b2ff5a83-16d7-5788-86a0-bf79a9161692,en,Roccia,2026-06-19 14:29:13.611862+00
95985043-674b-5c6f-aaa4-b91288197d6f,3b284e21-a926-5842-9ab2-eebb774673e9,zh,法蒂娅,2026-06-19 14:29:13.611862+00
95bf00e4-4fc5-582c-9c49-1d3fdf91f516,859d6a30-e045-5624-8257-f3b2139c2fe3,jp,雪衣,2026-06-19 14:29:13.611862+00
95ceb560-dcc7-56f8-9ce3-6a886be93f64,9132e198-9b32-5077-bcfc-62730fb378ae,en,Rover: Havoc,2026-06-19 14:29:13.611862+00
95f4c30d-f5c7-536d-b360-d0d9967db083,8dbfbb01-e010-5c64-8dac-325f9820c44b,en,Pan Yinhu,2026-06-19 14:29:13.611862+00
966baa77-9fdc-5a47-bae4-8b0aeeaad137,ab758e38-1795-536a-abca-fef0d4840e45,zh,安东,2026-06-19 14:29:13.611862+00
967df6e0-1ee7-58d4-b42e-296f908bb6d1,634a4cf7-0328-5d47-b6bf-30f493c5345b,kr,은랑,2026-06-19 14:29:13.611862+00
9680d3e3-602a-5a4f-8fde-385a8b781e8e,319ca6ab-5f3e-57ef-80cc-f1d4663cffaf,en,Anby,2026-06-19 14:29:13.611862+00
9693d7b1-fa2d-5170-9b1d-3bd1a46fc6e7,d8fd72c9-b70e-5e79-b2c9-239426ead474,zh,薄荷,2026-06-19 14:29:13.611862+00
977593d2-1df7-59ee-90e6-669a47502752,351e3969-fa59-5e7f-9704-d6c9fb646ac4,zh,波可娜,2026-06-19 14:29:13.611862+00
97d1de7c-6035-50da-9bfa-51fd71508f96,295d361c-6d71-5994-9dbc-6e8f1042c531,zh,符玄,2026-06-19 14:29:13.611862+00
983281cc-ae41-5ecf-a886-018354da3f5f,736a8d04-7c41-59f5-ac98-a4bb8f3fa522,zh,柏妮思,2026-06-19 14:29:13.611862+00
9894e43f-76b1-58a8-94ab-33e82b0e6d74,c7abcbd3-38a6-5f4a-9f2e-69a368bbc18f,zh,大黑塔,2026-06-19 14:29:13.611862+00
99944aa7-ca48-57c9-af06-db2c04487ce0,2bd978a0-f43b-5fbd-b96e-7939e6b1c862,zh,扳机,2026-06-19 14:29:13.611862+00
99dad1eb-7e1f-5673-94f7-7a3b918f0f48,9132e198-9b32-5077-bcfc-62730fb378ae,zh,暗主,2026-06-19 14:29:13.611862+00
9a7392ac-f837-5e17-bbf6-5df0e83ff851,2010c130-638c-5fc3-9c39-0afc203757cb,zh,大潘,2026-06-19 14:29:13.611862+00
9aae2220-b948-5f89-9ce2-16a61d7cea95,50350522-85b9-52aa-b41f-e0db5d340154,kr,서벌,2026-06-19 14:29:13.611862+00
9ad519b2-06cd-51de-9d8e-e4aa2517c26f,6a9285e8-a8c5-5f53-8e47-6a00e0021007,jp,吟霖,2026-06-19 14:29:13.611862+00
9b36cfb8-95fd-5759-b76d-2a7770235a14,cb49918f-b383-5414-afb0-4de5855367a4,kr,페라,2026-06-19 14:29:13.611862+00
9bca87bd-2dad-58c5-b43d-47748774e910,df6fb67c-7207-5cc5-9020-e73ab88b1f5b,en,Encore,2026-06-19 14:29:13.611862+00
9bd61fef-5d0b-586d-bf3c-de1fd44bc1e0,295d361c-6d71-5994-9dbc-6e8f1042c531,en,Fu Xuan,2026-06-19 14:29:13.611862+00
9bf38aed-0001-5363-bcd8-11f0f5905559,a427f026-be94-5e09-b256-a66bf390e7ce,en,Bronya,2026-06-19 14:29:13.611862+00
9c204a5c-0f39-5a18-ba9c-f48090c0c5be,e691a70e-4b01-5fd8-960f-4c4734cdeb4b,jp,今汐,2026-06-19 14:29:13.611862+00
9c342da2-2c10-5e12-8a60-34d535cbaeef,1b7c1597-3da4-5694-b728-aa6804ebbc00,jp,火花,2026-06-19 14:29:13.611862+00
9c858019-362a-5cde-86c1-33a28c0b402a,13663f60-289b-50ad-89a6-e7d121dff17c,en,Jiyan,2026-06-19 14:29:13.611862+00
9ca7d62f-b6ea-5f89-a1c9-e625373c1cb0,1765fc90-fd0b-5ad0-8be2-b9a3935cd3af,kr,자오,2026-06-19 14:29:13.611862+00
9ccfc8f8-4d49-57fe-a2fd-35c1d101dd89,02455589-782c-528f-af1c-fa1714747520,kr,아스타,2026-06-19 14:29:13.611862+00
9d4ae1eb-152b-5a10-b084-b68eb857f63e,6b4f3d0d-7b79-5d61-85fe-bbbe3ec4b81b,jp,ヘルタ,2026-06-19 14:29:13.611862+00
9d8ac8f5-0375-55f0-a9db-19f3e62a701b,68a4c61b-67da-5f7a-95de-7d5d1fa3c58e,kr,정운,2026-06-19 14:29:13.611862+00
9dc1c007-4ef9-523e-b176-b4e76a35a85a,1c106691-5a1c-547a-bfe9-eca000ec5b37,kr,단항•등황,2026-06-19 14:29:13.611862+00
9dd1640f-b694-52d5-88ed-46e9647b28e9,042bfe28-e547-5fe1-84a6-69ec68193cb6,kr,반디,2026-06-19 14:29:13.611862+00
9e7863ca-9a72-5669-9285-89c809193c07,aa7df507-317b-532e-a7fb-0f7149dfa79b,jp,橘福福,2026-06-19 14:29:13.611862+00
9ef633d7-c464-5a52-b628-43166b1417de,d3dcdc2c-2831-5770-ad7e-f6d58fa78712,jp,寒鴉,2026-06-19 14:29:13.611862+00
9f136b0d-c529-5ce8-8482-7ec9b836e72f,70a3fef7-15d4-5443-883b-a2dcfa702b2c,jp,ダイアリン,2026-06-19 14:29:13.611862+00
9f6839a3-1cd3-59a3-a93a-771909f5f239,0b016369-80f3-52e7-9a82-6f839be8c6ea,en,Lupa,2026-06-19 14:29:13.611862+00
9f72e000-e4df-5fc4-ac81-189b2e69759f,4293a0f5-a8fe-5e16-ae9e-ace7b6c51fb2,zh,刃,2026-06-19 14:29:13.611862+00
a0693315-8f9f-5b62-a560-d742ce6010d9,a29da9e8-6314-585a-ae5b-3d1af3b4ee8d,kr,Dr. 레이시오,2026-06-19 14:29:13.611862+00
a12b8a58-fd0f-5656-a4f3-730c16b5ec0e,e529aee6-541e-5705-afc0-cbddbbfa6e1d,zh,萤石,2026-06-19 14:29:13.611862+00
a168df9b-1a76-5a3a-bed1-edebe7992354,fb27f954-d8b9-5e3a-83d5-1c1016a35272,en,Laevatain,2026-06-19 14:29:13.611862+00
a17e6807-7302-58a0-a6b0-c1d210b30fe9,59312c02-5880-5274-b877-5f13f7011997,jp,月城柳,2026-06-19 14:29:13.611862+00
a19d7b20-5d8e-5ba8-ae1c-197ed1ff4222,859d6a30-e045-5624-8257-f3b2139c2fe3,kr,설의,2026-06-19 14:29:13.611862+00
a1d81293-7898-5dcd-b4e5-be97ae9bd92b,f4b7b6d7-fdf2-56ee-b34f-49eb5004554b,en,Xiangli Yao,2026-06-19 14:29:13.611862+00
a1ede2ec-a5c4-54e0-bd9e-2302898d6afd,0d6dfd80-1582-5698-bf10-4f18987af89e,zh,米沙,2026-06-19 14:29:13.611862+00
a2339fe1-4f76-58e3-8107-b73ca856777e,b3145bf6-d9a8-5098-a287-5a04222262af,zh,赛希,2026-06-19 14:29:13.611862+00
a23560ad-ebb1-5d66-bbdd-b533325caf25,9d7252af-aaf4-5234-a015-d1a2d9591497,en,Caesar,2026-06-19 14:29:13.611862+00
a2a12e23-41a2-5fd0-9c36-335f2b2afdd1,1a5351f2-63a1-53ad-a95f-d160dca2e5fa,jp,ジェイド,2026-06-19 14:29:13.611862+00
a3701c06-4e9e-525a-87cb-df7d9ea13a55,6a5ca501-cdad-53f0-b18b-3850a2f09cfe,en,Robin,2026-06-19 14:29:13.611862+00
a39b03ac-8141-5180-b7cc-21d8c9e382f2,17fe8cab-753a-5452-b598-07d0c6b528dc,zh,桑博,2026-06-19 14:29:13.611862+00
a4c2b6f8-36a3-5eb8-856f-bc6ba452df16,d53729fe-0d81-5a51-a13b-f90f2c8bb734,zh,弭弗,2026-06-19 14:29:13.611862+00
a5112e9d-3460-5113-b8ab-db2df9523e5b,09401f00-f115-54bd-bcd7-13a5ee49944d,kr,미야비,2026-06-19 14:29:13.611862+00
a59a5de8-312b-5d66-b575-312984ecdf63,b2dcd0bb-c9f9-5cb7-91bd-b912796d4b37,en,Verina,2026-06-19 14:29:13.611862+00
a5de5bf2-a384-544f-9d80-181baed8b73a,d3b22993-a68d-5444-85a3-182d533d7b4e,en,Tribbie,2026-06-19 14:29:13.611862+00
a60609ce-3cfd-547a-ac70-bc9e5ab0bfbe,328e9346-54db-5943-aa78-709c152bf3a8,jp,黄泉,2026-06-19 14:29:13.611862+00
a6762bce-104b-5797-b00e-5ea50e7c9e7d,d67a7be3-bf13-5e6c-98b4-7e0063c9e9a1,kr,게파드,2026-06-19 14:29:13.611862+00
a6f3145b-6a2f-50b8-af34-3f06f5e7bb38,ba71e985-1ef4-5cc4-b97f-c37c2f4eff5b,kr,단근,2026-06-19 14:29:13.611862+00
a87f7396-cb39-5a25-b75d-e978c8394c81,ad0b0ca3-bfe0-51ac-95be-8ef355a9bee1,jp,ヴェルト,2026-06-19 14:29:13.611862+00
a90c547e-7dd8-50b9-b825-259d47498ec1,e4639064-8746-5a39-a2e3-fb809d4e73bb,kr,맥택,2026-06-19 14:29:13.611862+00
a9380fa3-63d2-5988-8b88-6e2a17bc43f5,ce41c8ca-0c14-5b09-bf38-0e7cdc1e2f19,en,Chisa,2026-06-19 14:29:13.611862+00
a93c301e-ba5e-554f-b064-74d2b6ad8561,bedbb346-3368-5684-8f16-d9a63536a3e7,jp,アリア,2026-06-19 14:29:13.611862+00
a9cfe10e-3518-57b6-83db-39466a885a8b,59a94d83-c4ac-58bd-a493-31c90d44d1f5,zh,鉴定师（光）,2026-06-19 14:29:13.611862+00
a9d9f4f2-c4ac-5ca2-974b-e263b176afe4,55232140-70cf-50ed-881c-47635c369db7,kr,달리아,2026-06-19 14:29:13.611862+00
a9fc0fc6-3401-57f1-8d2e-00cfb803656c,26fcb56c-62a3-5abb-a590-f7511281ba38,en,Evelyn,2026-06-19 14:29:13.611862+00
aa1943e8-4108-5caa-bbb5-f0b1e50bda6f,5ee4d55d-07d9-54c2-8acf-2128c903a0e1,zh,卜灵,2026-06-19 14:29:13.611862+00
aa36cce0-c059-5b60-9bbd-0ecf32d93dd6,a29da9e8-6314-585a-ae5b-3d1af3b4ee8d,jp,Dr.レイシオ,2026-06-19 14:29:13.611862+00
aa9ad72e-1531-52cd-ad58-2f04e98ffb87,585dc66a-1892-54c1-ba49-23b4b17ce7fb,zh,琳奈,2026-06-19 14:29:13.611862+00
aab79a82-748d-5448-b1a6-2a177a137276,47305e8e-ea33-5749-a009-0a036efde169,zh,小吱,2026-06-19 14:29:13.611862+00
ab0f7ed4-1824-5722-944f-47749b45595b,74a64c57-bb44-5d2e-a841-3823342bd6c3,en,Jane,2026-06-19 14:29:13.611862+00
ab1a5fc7-cfaf-5ea0-9240-3105a78b3f22,a0379cd9-dbf9-5dc4-863e-ae4e7655fba8,jp,11号,2026-06-19 14:29:13.611862+00
ab926d0f-6a14-58ba-8d06-c719416f0589,6458d673-5b47-56a3-8a2c-830ab3243afb,kr,소우카쿠,2026-06-19 14:29:13.611862+00
ac265b21-bf83-5dbc-bea0-d106cc4a671f,f469591e-85d8-527f-9ea7-f8c1c0bbe067,zh,昔涟,2026-06-19 14:29:13.611862+00
aced5156-71ea-5946-b4f3-e28a03ae7049,9438321c-2eb4-51ec-87b8-3b36b7ebd070,jp,セイバー,2026-06-19 14:29:13.611862+00
ad2c4e4e-3c50-5f0f-8ada-be131fc89ebe,fe90b54a-0f0c-54d4-be9e-791e1d9e3d6d,zh,浅羽悠真,2026-06-19 14:29:13.611862+00
ad3c1ee9-be5f-5567-9b8b-403d08cffb0b,55fa55f6-27e9-5bc2-a321-98e43762cb2d,jp,ベン,2026-06-19 14:29:13.611862+00
ad3daef5-c25c-5163-94cd-48f2fb949a85,d87965da-4567-58fe-86f6-aa4258f69987,kr,개척자,2026-06-19 14:29:13.611862+00
addfe440-a45e-5b39-8c24-f321b2fd08e7,e82dd12e-c64c-5284-a6c0-ae1eb27133f0,zh,阿德勒,2026-06-19 14:29:13.611862+00
ade8dd4a-bd55-5674-b1e9-c3d9779eac3c,a427f026-be94-5e09-b256-a66bf390e7ce,zh,布洛妮娅,2026-06-19 14:29:13.611862+00
ae241210-867e-53f9-8aec-76c212680ca9,1765fc90-fd0b-5ad0-8be2-b9a3935cd3af,en,Zhao,2026-06-19 14:29:13.611862+00
aed802fe-0827-5b76-8bea-c115cae82145,b9a66099-5542-5dec-82c0-1e4b587d2b06,jp,セイレンス,2026-06-19 14:29:13.611862+00
af4b430c-d346-5fa4-b5c8-8dd926dd3d21,9132e198-9b32-5077-bcfc-62730fb378ae,kr,방랑자 · 인멸,2026-06-19 14:29:13.611862+00
af519688-1848-51fd-9dc0-2579c240c30c,e17135e5-f805-5f2e-aede-914abab980d7,zh,加拉赫,2026-06-19 14:29:13.611862+00
afd24d83-6e17-5b22-a9b2-ed70030a62f8,81b985b7-6a49-5e2b-becb-5fb00d8574a2,kr,세스,2026-06-19 14:29:13.611862+00
afefb8a7-80d1-53c6-8aa3-be693e37941d,df6fb67c-7207-5cc5-9020-e73ab88b1f5b,zh,安可,2026-06-19 14:29:13.611862+00
aff88373-ff5e-505d-a850-8d243a0e4d62,70a3fef7-15d4-5443-883b-a2dcfa702b2c,en,Dialyn,2026-06-19 14:29:13.611862+00
b02c9b97-074b-5ccc-ba1e-c120e3edc543,471a2508-d897-53a0-8b5e-4f150abb369b,jp,開拓者,2026-06-19 14:29:13.611862+00
b087802b-b82c-5ea5-9743-ae215daf002c,2e7a4eaf-e28d-5541-b110-ba0f3a59d934,zh,雨果,2026-06-19 14:29:13.611862+00
b0d34d82-58b6-5466-b5da-a789fc882601,26fcb56c-62a3-5abb-a590-f7511281ba38,jp,イヴリン,2026-06-19 14:29:13.611862+00
b0de510c-7190-5ff7-9d73-d51992b6192c,78b3e5e0-1c26-5c43-950a-ba1a7a7c88d2,jp,アベンチュリン,2026-06-19 14:29:13.611862+00
b0e97df9-9c7c-5d3a-b155-689b23002e70,923d78c3-6110-5b0f-9230-bf98e24054b9,jp,リナ,2026-06-19 14:29:13.611862+00
b1354e12-8a23-5371-8c9a-e463b8b15b58,18b934f5-6976-5fbf-a236-ebc1793192ba,en,Banyue,2026-06-19 14:29:13.611862+00
b1504002-3508-5c05-bffa-ce42341f3136,60e58ca5-465c-5704-a498-b4872f6822f1,kr,비소,2026-06-19 14:29:13.611862+00
b154b67e-3204-52c6-a167-0a15dfe927eb,328e9346-54db-5943-aa78-709c152bf3a8,zh,黄泉,2026-06-19 14:29:13.611862+00
b1dfb812-513f-5bea-96e8-fa08f04251cc,b27b840e-a941-56f1-ac8d-27f2917accf0,kr,나타샤,2026-06-19 14:29:13.611862+00
b1e142a0-c2da-547f-8753-1ecde56bf0fd,d3dcdc2c-2831-5770-ad7e-f6d58fa78712,kr,한아,2026-06-19 14:29:13.611862+00
b269ece0-28c5-5564-8338-50af95da4dea,29b85018-415e-5ac2-a7f7-b8ee54982fdb,jp,ルアン・メェイ,2026-06-19 14:29:13.611862+00
b31b80e3-dc59-56a3-951e-50b3bf1c47eb,2bcbd0bd-2983-53eb-84b1-bb9a6f57e0a1,en,Boothill,2026-06-19 14:29:13.611862+00
b37ce97a-4a69-5797-ad92-1224d3e38b2c,74c05933-69be-5782-b2db-af4df8970d7f,zh,莫宁,2026-06-19 14:29:13.611862+00
b38aae04-f234-53c9-ade5-057ddd3a4558,f8037fef-ce03-57b4-8419-d7f0faa99118,zh,叶瞬光,2026-06-19 14:29:13.611862+00
b416229f-1925-558b-955c-2a8d6546c617,0e9beceb-4832-5ea1-98d1-743636672eeb,jp,サンデー,2026-06-19 14:29:13.611862+00
b4598c1a-e1bc-5b24-b204-11225fe17d45,a08b70b4-cae2-52ad-a2c0-2b91bb6708f3,en,Lucy,2026-06-19 14:29:13.611862+00
b4c759cd-96cb-5f37-9569-50806d01435e,59abfed4-5822-5681-b433-5b95e5be898b,zh,光主,2026-06-19 14:29:13.611862+00
b50c3641-5338-5d83-a4d6-bebd1abec963,c6b4a923-a7b4-5c0c-b22b-78d02217fe96,zh,薇薇安,2026-06-19 14:29:13.611862+00
b54ab743-3d36-5aab-9bc0-dd870dd28875,9caaed78-ace6-5aa2-bcc0-1b15f391acb8,zh,万敌,2026-06-19 14:29:13.611862+00
b624f882-39dd-5b62-a9a1-481739200ccd,48a768e1-8c8b-5a8e-b04d-28a3312f4f03,kr,라이터,2026-06-19 14:29:13.611862+00
b65130b2-cf4d-54b9-9702-65e85a58fba1,9f168476-6edf-562e-8180-43e60827d8c7,kr,아낙사,2026-06-19 14:29:13.611862+00
b684149d-cb34-55b2-9d26-5a66fc26c706,f4b7b6d7-fdf2-56ee-b34f-49eb5004554b,kr,상리요,2026-06-19 14:29:13.611862+00
b76b28b5-a01b-5a85-98ff-3a2a26a7f1c9,9466ac7c-46f8-521e-9027-7a70ab65b0e7,zh,阿兰,2026-06-19 14:29:13.611862+00
b78a30f5-5f62-5f93-ad32-95546bb18d08,02455589-782c-528f-af1c-fa1714747520,jp,アスター,2026-06-19 14:29:13.611862+00
b7d3b4fe-ea97-5a74-82ac-fb2a386962b3,42f1c024-ecad-5576-9517-38520de9e84a,en,Sanhua,2026-06-19 14:29:13.611862+00
b84f1062-e291-5cfb-ae96-69c09a811406,a7826abb-6bc2-5921-98f1-1ce5d6777fe5,zh,千冶•刃,2026-06-19 14:29:13.611862+00
b8b5904b-7459-53a0-ad6b-ec1badcbe102,7d80c986-c9a1-5f76-8b3c-3e82cfc19d51,en,Cartethyia,2026-06-19 14:29:13.611862+00
b902f552-6c3f-5a73-a20b-7e4491e6224c,2d45f6d3-1e3d-5197-9c4b-2656ecb44da4,jp,カリン,2026-06-19 14:29:13.611862+00
b9136315-5947-5ca0-85b3-3e43bbbcc1b8,826c10d4-f5c0-5465-80d0-7273edad5cd3,kr,브렌트,2026-06-19 14:29:13.611862+00
b9883a68-e7f7-52a6-bde7-84908fde242f,b2ff5a83-16d7-5788-86a0-bf79a9161692,zh,洛可可,2026-06-19 14:29:13.611862+00
b98fb36a-260c-5908-8650-3d02e07cde7b,cef2d479-5d9c-5434-86ab-2a31c33f95aa,zh,姬子,2026-06-19 14:29:13.611862+00
b9b56cad-3ae9-5760-a07b-8cc01dd04215,9bdb4871-f682-564f-a578-c9205a5827b3,zh,妮可,2026-06-19 14:29:13.611862+00
b9d2c7b6-65d0-5a7e-8c0d-d6b2b2447d7f,7d3b194f-11cb-57c2-930d-1dd19f33234b,zh,伊德海莉,2026-06-19 14:29:13.611862+00
ba1b80f5-8bfc-5ffb-a4a0-da62f3b5d003,ba71e985-1ef4-5cc4-b97f-c37c2f4eff5b,jp,丹瑾,2026-06-19 14:29:13.611862+00
ba5e9cab-80ed-5f34-9c8c-809b7484e7dc,d507e539-cada-580e-8915-3ca5cf695a13,kr,앨리스,2026-06-19 14:29:13.611862+00
ba97732e-4041-5f87-b5bd-f32feea81e80,403f3dc9-176d-5a07-ade9-4fac8de0b2dc,zh,格莉丝,2026-06-19 14:29:13.611862+00
bae1a358-c5d6-5253-ac4d-31ddd256b6dc,50350522-85b9-52aa-b41f-e0db5d340154,zh,希露瓦,2026-06-19 14:29:13.611862+00
bb07b911-7687-5b79-bef3-18b0c0adc6ec,8ce6c61c-d791-5c63-9cfd-acebdabcb03b,zh,夏空,2026-06-19 14:29:13.611862+00
bb4a18fd-d201-55d5-baad-dab4c6f108b8,0ff30224-209f-5845-83e4-39b552fa4ad8,zh,朱鸢,2026-06-19 14:29:13.611862+00
bb4b46e0-7b3a-5d7c-9a34-eda3ab44d39a,24025e8d-05d2-570f-93fd-0b8b005fa3c6,zh,爻光,2026-06-19 14:29:13.611862+00
bb4ffba0-8c79-5e6b-9c25-3f55606d09ad,351e3969-fa59-5e7f-9704-d6c9fb646ac4,en,Pulchra,2026-06-19 14:29:13.611862+00
bb8995e6-21fa-5b9e-a79d-71f09457489c,0b016369-80f3-52e7-9a82-6f839be8c6ea,zh,露帕,2026-06-19 14:29:13.611862+00
bba1716f-e4fd-57b3-bc24-6798b082c059,8dbfbb01-e010-5c64-8dac-325f9820c44b,kr,반인호,2026-06-19 14:29:13.611862+00
bbaef10f-f291-504e-adca-60cff31564f0,acca0932-e8dd-51a6-af31-ba1286f947ca,jp,帰忘の流離人,2026-06-19 14:29:13.611862+00
bc05c5be-1db8-5e73-ac2d-1a9b60fe06f3,7d80c986-c9a1-5f76-8b3c-3e82cfc19d51,jp,カルテジア,2026-06-19 14:29:13.611862+00
bc2a11a3-a11f-5bb6-9012-8cb96c4c76b3,57bd6a33-d155-5706-b233-5f3dabbcf2b3,kr,사이퍼,2026-06-19 14:29:13.611862+00
bcbdeb79-d8a0-5fbd-acbc-8ad04f2d5ec2,b3434a98-1643-55ff-ba4e-7a5dc9c85d65,zh,哈索尔,2026-06-19 14:29:13.611862+00
bcd3da1a-2e71-5f37-be93-a31de5af3689,319ca6ab-5f3e-57ef-80cc-f1d4663cffaf,kr,엔비,2026-06-19 14:29:13.611862+00
bd4ade37-73ce-59cd-81a5-9ffdbbd2ea62,dde2340c-13f8-59cf-8c2a-70e916a962bd,zh,娜娜莉,2026-06-19 14:29:13.611862+00
bd8292b0-246a-5845-89df-d2df3944515e,2ed3a5e1-b8f9-576f-aaf7-aff5f129d9f5,en,Clara,2026-06-19 14:29:13.611862+00
be0139af-af69-5fe5-8f2f-680ff99bd55d,59312c02-5880-5274-b877-5f13f7011997,en,Yanagi,2026-06-19 14:29:13.611862+00
be711ecf-074f-5db1-b628-87578c232b03,923d78c3-6110-5b0f-9230-bf98e24054b9,en,Rina,2026-06-19 14:29:13.611862+00
c0071b3a-e64f-5f83-a3c4-b15c8e1df5d8,cb49918f-b383-5414-afb0-4de5855367a4,jp,ペラ,2026-06-19 14:29:13.611862+00
c04205c9-fc47-56ba-8758-e4e270a42164,62a74bc6-9fa3-5039-a723-c23e708ed641,jp,ヒアンシー,2026-06-19 14:29:13.611862+00
c043247f-0e86-5afb-9e0d-9e19d5016ff8,09401f00-f115-54bd-bcd7-13a5ee49944d,zh,雅,2026-06-19 14:29:13.611862+00
c08c9669-a6a9-5bb7-b050-30be07095093,9f168476-6edf-562e-8180-43e60827d8c7,jp,アナイクス,2026-06-19 14:29:13.611862+00
c0be4f79-56e1-5134-a0a0-e99a0cc69ee7,67518710-4499-5d0a-90fb-72dce401ced9,en,Hook,2026-06-19 14:29:13.611862+00
c1344166-8ed7-5fd6-8050-5182e3972585,f469591e-85d8-527f-9ea7-f8c1c0bbe067,en,Cyrene,2026-06-19 14:29:13.611862+00
c1b81115-fa8f-5bf8-a0b9-d9ff2734f219,295d361c-6d71-5994-9dbc-6e8f1042c531,jp,符玄,2026-06-19 14:29:13.611862+00
c21c32bd-8e69-53b5-a506-475559fd57ac,85b5a5e2-5ae6-5835-b420-52be62956eaf,jp,景元,2026-06-19 14:29:13.611862+00
c25a1eb0-3a37-55b6-a565-a0a375bb24bc,f033ff10-3c9c-5c81-8645-0bf1ad2e1a0f,zh,银枝,2026-06-19 14:29:13.611862+00
c322ab6e-2f96-5dbc-bbe5-964d09a0a9be,a427f026-be94-5e09-b256-a66bf390e7ce,kr,브로냐,2026-06-19 14:29:13.611862+00
c33bf842-489b-549a-8caf-eef8a9ac35aa,7d80c986-c9a1-5f76-8b3c-3e82cfc19d51,zh,卡提希娅,2026-06-19 14:29:13.611862+00
c3b4c662-d8f7-5098-af39-89d38b24b3ca,d87965da-4567-58fe-86f6-aa4258f69987,en,Trailblazer,2026-06-19 14:29:13.611862+00
c48e2812-f1d8-509b-89bd-0f9680b578d1,55d7babb-b256-5b99-aa51-0dea2ba40103,en,Lycaon,2026-06-19 14:29:13.611862+00
c4ff77ee-ccc9-568f-91c5-93b3b6236287,957f4f37-344a-5182-8678-0f085cdafe89,jp,凌陽,2026-06-19 14:29:13.611862+00
c50ba942-3db2-5301-9f03-c78083cdcdbb,ba2ef48e-5143-59cb-8c22-435b67c39cb6,en,Cantarella,2026-06-19 14:29:13.611862+00
c519b533-e777-5400-916c-066fa05dfc63,1a5351f2-63a1-53ad-a95f-d160dca2e5fa,zh,翡翠,2026-06-19 14:29:13.611862+00
c534919a-8831-5270-80a7-441e4057909d,bedbb346-3368-5684-8f16-d9a63536a3e7,kr,아리아,2026-06-19 14:29:13.611862+00
c5d3416b-c962-59c2-a7bd-ba7b5a44237e,7068b1b7-aaf5-502a-9245-b7c8f993b5ea,jp,漂泊者・気動,2026-06-19 14:29:13.611862+00
c63692b4-c7bd-5779-86ef-ecfef6d3140c,50350522-85b9-52aa-b41f-e0db5d340154,jp,セーバル,2026-06-19 14:29:13.611862+00
c721b512-5984-5ffb-93b2-1cd00e4a3eab,b2dcd0bb-c9f9-5cb7-91bd-b912796d4b37,jp,ヴェリーナ,2026-06-19 14:29:13.611862+00
c8182331-ad10-5873-b1ce-54c87414d107,1438a303-164b-57c3-bd27-f44262e7359f,zh,艾维文娜,2026-06-19 14:29:13.611862+00
c89c6237-cc4f-5fd2-986e-2dd5b0ffc694,8c5ebde3-aad8-523c-a8e5-e268fdfad5f5,zh,不死途,2026-06-19 14:29:13.611862+00
c89f087d-9389-5dbe-bbc8-cd525d8c4c24,f80f8bcc-4a86-5a54-bcc9-bf321b25ad4d,zh,云璃,2026-06-19 14:29:13.611862+00
c8a0f1e2-8755-5efb-aa7b-f0aa90ffd867,aa0da005-a0d5-5e9e-82bc-9e5da478c405,jp,白露,2026-06-19 14:29:13.611862+00
c8d32921-a406-56cc-b7f3-1ff3d3bc03cf,27d19f85-e526-5d19-9032-fa4bf05c63be,zh,黎风,2026-06-19 14:29:13.611862+00
c924aa2d-e4ea-5c68-914c-effd21b7ec7e,c2d5888d-7e96-512b-840e-57c5083d12d1,zh,吉尔伽美什,2026-06-19 14:29:13.611862+00
c92b1fa0-0ea0-5f1a-816b-9b28f44da875,68a4c61b-67da-5f7a-95de-7d5d1fa3c58e,jp,停雲,2026-06-19 14:29:13.611862+00
c9578499-cd6e-5783-9939-ed32d063735c,f7a68b9a-224f-5e6b-bbf3-32998fcdfe46,zh,珂莱塔,2026-06-19 14:29:13.611862+00
c9640adf-fadb-5e54-a5e6-687158f2f4eb,38ec45ad-b0f5-561c-995a-a1402d7684f6,en,Qingque,2026-06-19 14:29:13.611862+00
ca44ba99-25e5-5301-b4f4-eabd67e1a259,fe3bb351-0c1d-5497-b89e-fc2a9169eb90,jp,三月なのか,2026-06-19 14:29:13.611862+00
caf9498d-0131-57fb-801d-5eeb15cc943f,6b4f3d0d-7b79-5d61-85fe-bbbe3ec4b81b,zh,黑塔,2026-06-19 14:29:13.611862+00
cb025b7e-c0d9-56b0-bbfa-4779c65f5666,13663f60-289b-50ad-89a6-e7d121dff17c,zh,忌炎,2026-06-19 14:29:13.611862+00
cb02d9e8-b72f-53d7-b14a-8354e919c2ce,d08d43de-1119-5e77-9a82-51e75288751d,zh,乱破,2026-06-19 14:29:13.611862+00
cc78cc12-e052-5130-8113-493ad40a7491,26dd0477-a8ac-51a2-9fb5-582831a946c0,zh,弧光,2026-06-19 14:29:13.611862+00
cce1add9-d18e-56df-8f2b-69d2f294d423,7617d8b4-8d3c-5f99-8a79-ad4f0f63f565,zh,南宫羽,2026-06-19 14:29:13.611862+00
cd055842-86bb-5d83-89c1-946faf7f8f89,7d3b194f-11cb-57c2-930d-1dd19f33234b,jp,イドリー,2026-06-19 14:29:13.611862+00
cd91d5ba-b86a-5035-b077-eb3307c14c83,6458d673-5b47-56a3-8a2c-830ab3243afb,zh,苍角,2026-06-19 14:29:13.611862+00
ce038fe6-567f-5d9c-96b0-7caf912de6f2,7f663da3-4b8f-5fb8-9786-2ecada264897,jp,ケリュドラ,2026-06-19 14:29:13.611862+00
ced89b4a-8aa0-55c8-b055-9666379b2169,b3a3fbd3-ca81-593a-854d-5e92308b6522,jp,椒丘,2026-06-19 14:29:13.611862+00
cfd8a221-d615-531a-9795-436a2fd45b69,2bcbd0bd-2983-53eb-84b1-bb9a6f57e0a1,kr,부트힐,2026-06-19 14:29:13.611862+00
cff4eb1c-59c8-593b-abde-a2e980df3fbe,7ee6d558-c8a0-55e6-a446-305684ab6ab9,kr,감심,2026-06-19 14:29:13.611862+00
d0266101-2a6a-5e14-a394-87fef3b251ec,02455589-782c-528f-af1c-fa1714747520,zh,艾丝妲,2026-06-19 14:29:13.611862+00
d04e66d9-6e18-5104-97a6-4de92aab3cd3,dbbc556b-520c-5c22-8736-8647588aaf69,kr,구원,2026-06-19 14:29:13.611862+00
d0daffeb-3fe0-539a-b9f3-a9e9a744f774,ef2566c5-7470-5b7e-bb6f-bd6066f7f852,kr,유노,2026-06-19 14:29:13.611862+00
d159d7e5-af5d-5021-9a05-b6f90e57bbe3,eee3a6c0-8ae0-5f47-8af5-a4fdcab7c19f,jp,リンクス,2026-06-19 14:29:13.611862+00
d1d8989e-9cc8-523d-9bdb-db4e4355603a,a9479f22-983c-5dd9-863c-59d7d5c3eab6,jp,淵武,2026-06-19 14:29:13.611862+00
d212ba2f-7134-5af8-bf8c-c7b69269f005,9d7252af-aaf4-5234-a015-d1a2d9591497,jp,シーザー,2026-06-19 14:29:13.611862+00
d26fca38-b542-547e-891b-9e567ff63f99,ccd04ccb-e837-5c8a-8b0a-67b6c85fc836,kr,개척자,2026-06-19 14:29:13.611862+00
d2c549b9-79a7-55d1-8e69-fef95739e247,9d7252af-aaf4-5234-a015-d1a2d9591497,kr,카이사르,2026-06-19 14:29:13.611862+00
d3121a47-1d84-5e48-bdfe-9993cbfd459d,85b5a5e2-5ae6-5835-b420-52be62956eaf,zh,景元,2026-06-19 14:29:13.611862+00
d3eec29a-bc28-5799-9fca-68487837b813,9438321c-2eb4-51ec-87b8-3b36b7ebd070,kr,세이버,2026-06-19 14:29:13.611862+00
d4235a92-6c54-541a-a774-5b9c998257d3,7f663da3-4b8f-5fb8-9786-2ecada264897,en,Cerydra,2026-06-19 14:29:13.611862+00
d43741c8-4e15-53c1-b3aa-6c7b827aa7ea,4c5d3316-02a1-5546-b78f-54a03ae4fee1,kr,어공,2026-06-19 14:29:13.611862+00
d443bf99-2a20-527e-8a48-69118d893ce9,5ee4d55d-07d9-54c2-8acf-2128c903a0e1,kr,복링,2026-06-19 14:29:13.611862+00
d45bdf87-10a6-5934-988b-f84e42b1b609,d16cdec9-424f-5915-a61f-28c5d35ff322,kr,엘렌,2026-06-19 14:29:13.611862+00
d47c8473-da62-59b3-8639-a11bc8161056,b3145bf6-d9a8-5098-a287-5a04222262af,en,Xaihi,2026-06-19 14:29:13.611862+00
d4970d1e-4741-5ad8-ac18-f870d99a2d4f,dbbc556b-520c-5c22-8736-8647588aaf69,jp,仇遠,2026-06-19 14:29:13.611862+00
d4d2d3f1-cb66-5783-88e0-1735f6d7c509,ccd04ccb-e837-5c8a-8b0a-67b6c85fc836,jp,開拓者,2026-06-19 14:29:13.611862+00
d537d1f7-b458-568e-a55a-dbdd69b862fb,cef2d479-5d9c-5434-86ab-2a31c33f95aa,kr,히메코,2026-06-19 14:29:13.611862+00
d5611511-6047-5984-b5e5-46147c3d0d2d,e8dcf83e-3809-51ca-8d22-6e7c98614d5c,zh,艾尔黛拉,2026-06-19 14:29:13.611862+00
d5b5d28e-f08c-5c25-af33-42fdf5a56a3e,6b4f3d0d-7b79-5d61-85fe-bbbe3ec4b81b,en,Herta,2026-06-19 14:29:13.611862+00
d5d09c21-94b0-5c57-bfc2-3753127be1a3,b663ec24-a79b-5d5e-8ec6-126ac6919d53,jp,フィービー,2026-06-19 14:29:13.611862+00
d5d6aa59-53dc-58c8-9f11-688ea06c8f8e,f80f8bcc-4a86-5a54-bcc9-bf321b25ad4d,jp,雲璃,2026-06-19 14:29:13.611862+00
d629c2f4-a861-5577-9711-815d057c992a,d1b8bec8-107c-5c0d-be80-18b177d32c8a,zh,彦卿,2026-06-19 14:29:13.611862+00
d648cb72-2090-5bd2-84ff-f5baeabb16d0,923d78c3-6110-5b0f-9230-bf98e24054b9,zh,丽娜,2026-06-19 14:29:13.611862+00
d7022f58-f1b7-5fde-a3b6-edb02d56a35b,e4639064-8746-5a39-a2e3-fb809d4e73bb,en,Moze,2026-06-19 14:29:13.611862+00
d750f7c0-6d37-58a2-bdfd-36299414986d,67bea321-503d-53a5-b8f0-96052d39753b,zh,埃特拉,2026-06-19 14:29:13.611862+00
d8137632-900f-598a-9fcb-09a1c11d0975,78b3e5e0-1c26-5c43-950a-ba1a7a7c88d2,zh,砂金,2026-06-19 14:29:13.611862+00
d81d0487-1dd3-527a-8e85-f2e586f96ab1,a4b22962-0a38-5219-8f73-d204b90c8045,en,Guinaifen,2026-06-19 14:29:13.611862+00
d826234a-9763-5a73-90b9-15377537e743,b5e20058-18a0-565b-942c-c655232ef432,en,Sparkle,2026-06-19 14:29:13.611862+00
d9b649c7-a759-5de3-9acc-8121c78aff30,4c5d3316-02a1-5546-b78f-54a03ae4fee1,zh,驭空,2026-06-19 14:29:13.611862+00
d9d9c05f-9362-5b61-9bd1-4ea324ab1c29,471a2508-d897-53a0-8b5e-4f150abb369b,zh,开拓者・存护,2026-06-19 14:29:13.611862+00
d9e3548a-81e8-5d8e-8ae0-15fe20defb73,736a8d04-7c41-59f5-ac98-a4bb8f3fa522,jp,バーニス,2026-06-19 14:29:13.611862+00
da9827b3-2f8f-55c6-9226-9f980f50c6cb,85327317-9c95-525e-999e-47bb1ec52fe6,jp,儀玄,2026-06-19 14:29:13.611862+00
dadae142-ad2f-551f-a87f-faa0a1d0e650,73cbfd1a-012b-5e13-8bfe-209a91d56995,kr,블랙 스완,2026-06-19 14:29:13.611862+00
db30621d-9102-5567-82ec-bd1ea7f1428b,81b985b7-6a49-5e2b-becb-5fb00d8574a2,en,Seth,2026-06-19 14:29:13.611862+00
db46787f-548d-590c-be44-fe6f4e05d16b,f469591e-85d8-527f-9ea7-f8c1c0bbe067,kr,키레네,2026-06-19 14:29:13.611862+00
db6187af-5281-5876-9e03-d9322aa5c32f,9466ac7c-46f8-521e-9027-7a70ab65b0e7,jp,アーラン,2026-06-19 14:29:13.611862+00
db7b5e2a-9527-543a-a42b-4c3d3ca53125,d1b8bec8-107c-5c0d-be80-18b177d32c8a,en,Yanqing,2026-06-19 14:29:13.611862+00
db99e5a0-60a3-5d21-ad69-14e0f2c7fe30,94871ba8-f12e-51e3-9890-2935b4b3de73,en,Castorice,2026-06-19 14:29:13.611862+00
dec695ef-0126-5b3b-95ba-62c539b5a262,928469d1-0f17-5db3-a19b-d28f31a00380,en,Orphie & Magus,2026-06-19 14:29:13.611862+00
deca512b-49ce-5fa5-8c4f-56dc3cb7f1d5,c45172b7-bf98-5e0b-99ae-f7babca9645f,jp,秧秧,2026-06-19 14:29:13.611862+00
df274a9b-95a5-52c8-b4c5-aa0799174e98,a427f026-be94-5e09-b256-a66bf390e7ce,jp,ブローニャ,2026-06-19 14:29:13.611862+00
df58db4d-bb9b-5c50-86e8-1da4385d4c54,295d361c-6d71-5994-9dbc-6e8f1042c531,kr,부현,2026-06-19 14:29:13.611862+00
df81bafb-062c-5c5a-97ec-97459815ccfa,e4639064-8746-5a39-a2e3-fb809d4e73bb,jp,モゼ,2026-06-19 14:29:13.611862+00
dfd183c5-5b93-5434-942e-8a6de9845605,0e9beceb-4832-5ea1-98d1-743636672eeb,en,Sunday,2026-06-19 14:29:13.611862+00
dfdad9b4-6e87-53a0-8b54-6f2443809941,6bd20ca9-c8eb-5f52-acd4-5d8451e26260,zh,海月,2026-06-19 14:29:13.611862+00
e00494ef-4cd6-58bf-8287-0bf62b63e736,7766d2b9-6efe-5031-a232-3b3e260237ad,zh,折枝,2026-06-19 14:29:13.611862+00
e0c0842c-951c-5065-bbde-f1cf7dd4508a,d16cdec9-424f-5915-a61f-28c5d35ff322,en,Ellen,2026-06-19 14:29:13.611862+00
e0e0439b-27a8-5821-8dc7-259802cd91b2,d2607528-f55a-5209-b9df-df989938e80c,zh,椿,2026-06-19 14:29:13.611862+00
e1404953-289a-5df8-8a6d-83956380f7a1,5b394057-66c5-509c-9cfe-fd46b5dd447f,kr,나찰,2026-06-19 14:29:13.611862+00
e1785e86-1f4e-5a8f-8a73-562bf3929af2,b3a3fbd3-ca81-593a-854d-5e92308b6522,zh,椒丘,2026-06-19 14:29:13.611862+00
e17adcd4-311b-5b4c-aaf6-feebc7cabaf9,79e417bd-c3cb-5636-b6a6-86452fa40968,en,Astra Yao,2026-06-19 14:29:13.611862+00
e1ece5cc-5915-5b5a-a91d-f02c510c57ff,f469591e-85d8-527f-9ea7-f8c1c0bbe067,jp,キュレネ,2026-06-19 14:29:13.611862+00
e1f9b290-f4c9-51a1-af76-1303094a6cda,81b985b7-6a49-5e2b-becb-5fb00d8574a2,zh,赛斯,2026-06-19 14:29:13.611862+00
e20fbc80-bf11-5207-b7fe-54590d3f46b2,42f1c024-ecad-5576-9517-38520de9e84a,jp,散華,2026-06-19 14:29:13.611862+00
e2594760-17d0-55f4-b725-0aa3f352176b,fa344a2c-87b6-5040-aaac-4a10a29a3e61,zh,安魂曲,2026-06-19 14:29:13.611862+00
e2700d7a-ac77-50e9-a485-ee2d9c9d5cc7,ad0b0ca3-bfe0-51ac-95be-8ef355a9bee1,kr,웰트,2026-06-19 14:29:13.611862+00
e2939eea-fe78-5320-838f-6be22fe2a3da,d87965da-4567-58fe-86f6-aa4258f69987,zh,开拓者・同谐,2026-06-19 14:29:13.611862+00
e29867a9-d899-5b25-8bb7-586bdfd2758f,9466ac7c-46f8-521e-9027-7a70ab65b0e7,kr,아를란,2026-06-19 14:29:13.611862+00
e2af7345-8fbf-5db3-a572-50baf5cbd808,d67a7be3-bf13-5e6c-98b4-7e0063c9e9a1,en,Gepard,2026-06-19 14:29:13.611862+00
e2cd456c-eed1-587a-8345-c1fd9163d711,5753daef-de97-52f8-9a57-e8b66eb77c63,zh,莫特斐,2026-06-19 14:29:13.611862+00
e2d0ed57-89a5-564e-9275-6f20a5be9df2,1d0fc590-86d4-5b62-b668-22b12b10fa31,zh,秋水,2026-06-19 14:29:13.611862+00
e2d9720a-cfb9-5116-be73-14881b780baf,d1e4fabb-97c3-54b1-b933-9cf6577b900f,en,Chixia,2026-06-19 14:29:13.611862+00
e374f7ef-d429-5485-b39d-5ad470806b80,79e417bd-c3cb-5636-b6a6-86452fa40968,jp,アストラ,2026-06-19 14:29:13.611862+00
e3d34426-b6c4-590e-ad56-fedbf6eb233d,73cbfd1a-012b-5e13-8bfe-209a91d56995,jp,ブラックスワン,2026-06-19 14:29:13.611862+00
e4165ad7-404a-50f4-9a60-cacd111687e9,8dbfbb01-e010-5c64-8dac-325f9820c44b,jp,潘引壺,2026-06-19 14:29:13.611862+00
e44253c8-0a18-5207-92a0-5e8ff9b11e13,859d6a30-e045-5624-8257-f3b2139c2fe3,en,Xueyi,2026-06-19 14:29:13.611862+00
e44cbada-5c7d-5dd6-bdc4-a8beee328967,f7a68b9a-224f-5e6b-bbf3-32998fcdfe46,kr,카를로타,2026-06-19 14:29:13.611862+00
e4d0c959-3d33-56f8-b98c-c95a2222e1bd,5ae53186-b0d9-5610-b13f-f0fdfabcf40b,jp,クレタ,2026-06-19 14:29:13.611862+00
e4de1064-7179-5a65-9dfa-284faa12160a,fb27f954-d8b9-5e3a-83d5-1c1016a35272,zh,莱万汀,2026-06-19 14:29:13.611862+00
e507a0cd-1aa6-5d2a-bc49-68a06a61b8a9,d87965da-4567-58fe-86f6-aa4258f69987,jp,開拓者,2026-06-19 14:29:13.611862+00
e594f9c1-bd08-5b1c-99e1-a4a632662ad5,9132e198-9b32-5077-bcfc-62730fb378ae,jp,漂泊者・消滅,2026-06-19 14:29:13.611862+00
e6811130-1e64-5681-b8a2-2699dd4a89b6,74a64c57-bb44-5d2e-a841-3823342bd6c3,kr,제인,2026-06-19 14:29:13.611862+00
e6fd5f8f-220c-5b45-ad05-516fcda03968,0b016369-80f3-52e7-9a82-6f839be8c6ea,jp,ルパ,2026-06-19 14:29:13.611862+00
e6ffb2ad-fe1c-5fe3-96dc-c349b55b0f50,b5e20058-18a0-565b-942c-c655232ef432,zh,花火,2026-06-19 14:29:13.611862+00
e76971f5-c54d-55e8-929e-e102c77f1872,8836a706-cc5a-5824-8853-aac3e799c529,en,Mar. 7th,2026-06-19 14:29:13.611862+00
e7b96142-b876-5a63-b84c-3f956c1f33af,d6b9d8f2-6ae4-5062-a887-60509911ce37,zh,昼雪,2026-06-19 14:29:13.611862+00
e7f44778-a555-5cde-bb0b-2c9017de9aa9,319ca6ab-5f3e-57ef-80cc-f1d4663cffaf,zh,安比,2026-06-19 14:29:13.611862+00
e877127d-a779-5e3e-9364-2d0de4f90a87,9f168476-6edf-562e-8180-43e60827d8c7,zh,那刻夏,2026-06-19 14:29:13.611862+00
e933a495-4d03-5599-9148-1fec0599c5b1,0ff30224-209f-5845-83e4-39b552fa4ad8,kr,주연,2026-06-19 14:29:13.611862+00
e9a55569-4777-5f77-b666-9d8b8c0f8323,859d6a30-e045-5624-8257-f3b2139c2fe3,zh,雪衣,2026-06-19 14:29:13.611862+00
ea09160f-98ad-50a6-8e25-8f734f9ef9b5,74a64c57-bb44-5d2e-a841-3823342bd6c3,jp,ジェーン,2026-06-19 14:29:13.611862+00
eb6484e4-7a76-5058-8811-f19599cbc2d3,1cb8defd-b395-5679-a5a4-e47308ff7fad,zh,浮波柚叶,2026-06-19 14:29:13.611862+00
eb777ce3-f1a1-5eb6-a844-e1ab5cedc2f0,b27b840e-a941-56f1-ac8d-27f2917accf0,en,Natasha,2026-06-19 14:29:13.611862+00
eb915193-d964-5e10-bcb1-fd6cb52f410f,55232140-70cf-50ed-881c-47635c369db7,zh,大丽花,2026-06-19 14:29:13.611862+00
ec5da559-e2ca-5bff-b524-50ed5eed2c7b,0d6dfd80-1582-5698-bf10-4f18987af89e,en,Misha,2026-06-19 14:29:13.611862+00
ec791eb9-6de2-5ff8-8615-31339a8d5af0,55232140-70cf-50ed-881c-47635c369db7,en,The Dahlia,2026-06-19 14:29:13.611862+00
ed6beed6-5704-5980-8421-5947f8be6b23,cb49918f-b383-5414-afb0-4de5855367a4,en,Pela,2026-06-19 14:29:13.611862+00
ed9ae5a1-670b-52a9-8ea1-88b9f3b1021d,acca0932-e8dd-51a6-af31-ba1286f947ca,en,Fugue,2026-06-19 14:29:13.611862+00
edde3cfa-bf6c-5e53-b372-84c6d40b4edb,ad0b0ca3-bfe0-51ac-95be-8ef355a9bee1,zh,瓦尔特,2026-06-19 14:29:13.611862+00
ede17cb6-a400-529b-b691-121b3c13b3a3,c4e77de8-2abb-57ea-9b92-2f00cf9565a2,kr,아글라이아,2026-06-19 14:29:13.611862+00
ee4a8798-ff6c-5e61-9768-fa97657c2752,d3b22993-a68d-5444-85a3-182d533d7b4e,kr,트리비,2026-06-19 14:29:13.611862+00
eeb76435-2612-5bf9-8b81-d06c76207f56,b5b47d41-8aba-553c-aa59-81eb84d24805,en,Nekomata,2026-06-19 14:29:13.611862+00
eecbacdd-efc1-57f9-a975-bb1bf18a4465,b2ff5a83-16d7-5788-86a0-bf79a9161692,jp,ロココ,2026-06-19 14:29:13.611862+00
f016dd90-b23c-555b-a719-6ab4336943d6,476380ff-35e3-57a1-8ef1-930ce87f6e0c,zh,卡契尔,2026-06-19 14:29:13.611862+00
f01e3977-724a-5fcc-84cf-07ead887d970,8d0929fe-639b-5acc-bec8-59cbb456147a,jp,ファイノン,2026-06-19 14:29:13.611862+00
f0a554c2-68d0-5a2e-aa27-4976c65c6a2c,78b3e5e0-1c26-5c43-950a-ba1a7a7c88d2,kr,어벤츄린,2026-06-19 14:29:13.611862+00
f0ed0331-f758-5ca3-9b6f-4b889215c76c,7d3b194f-11cb-57c2-930d-1dd19f33234b,en,Yidhari,2026-06-19 14:29:13.611862+00
f0f2903a-8375-5d0b-b4dd-90626686825c,928469d1-0f17-5db3-a19b-d28f31a00380,jp,オルペウス＆「鬼火」,2026-06-19 14:29:13.611862+00
f124032f-1593-5de5-9226-b1c90023420e,4d28693e-d175-50de-8b8f-7732b0064c0f,kr,루미,2026-06-19 14:29:13.611862+00
f159c184-5540-52ae-8855-e48d1255f2ec,17fe8cab-753a-5452-b598-07d0c6b528dc,kr,삼포,2026-06-19 14:29:13.611862+00
f265d59d-601b-5129-b2df-d715cc678a2b,9caaed78-ace6-5aa2-bcc0-1b15f391acb8,en,Mydei,2026-06-19 14:29:13.611862+00
f2bc7b84-ac93-5b52-ab97-f7e9b64dca92,17fe8cab-753a-5452-b598-07d0c6b528dc,jp,サンポ,2026-06-19 14:29:13.611862+00
f32a568c-c26b-58a2-9f5b-51c5fa3d2436,e8d2a268-4e31-5662-9696-1ff510300ee5,en,Aemeath,2026-06-19 14:29:13.611862+00
f35005b0-e699-51a0-85b9-e5a06e0debab,b5e20058-18a0-565b-942c-c655232ef432,jp,花火,2026-06-19 14:29:13.611862+00
f35986fc-6845-5cd3-b14c-e7495788d102,3c9b7e76-9d1e-5078-a7bf-c0dc07d72693,en,Shorekeeper,2026-06-19 14:29:13.611862+00
f36b3640-5eed-5654-9c25-62a6510e9aaa,5ee4d55d-07d9-54c2-8acf-2128c903a0e1,en,Buling,2026-06-19 14:29:13.611862+00
f39e1afb-e784-54f7-a87f-493cb48e1378,ab758e38-1795-536a-abca-fef0d4840e45,en,Anton,2026-06-19 14:29:13.611862+00
f3a78dd1-b478-5982-bcf4-974c7b8ab13f,e691a70e-4b01-5fd8-960f-4c4734cdeb4b,zh,今汐,2026-06-19 14:29:13.611862+00
f4f9ec0b-1c5c-55cd-b32b-59112b4b9fed,471a2508-d897-53a0-8b5e-4f150abb369b,en,Trailblazer,2026-06-19 14:29:13.611862+00
f559102b-cbf1-569d-aaf9-2e2178c6c532,0b016369-80f3-52e7-9a82-6f839be8c6ea,kr,루파,2026-06-19 14:29:13.611862+00
f584299e-850a-598a-a7df-178bbb790dbb,9caaed78-ace6-5aa2-bcc0-1b15f391acb8,kr,마이데이,2026-06-19 14:29:13.611862+00
f5c78c37-ba86-54f3-a0a3-c16b0e2e3af5,2e7a4eaf-e28d-5541-b110-ba0f3a59d934,kr,휴고,2026-06-19 14:29:13.611862+00
f626f5dd-ce6d-5e28-ba20-5357e88e217f,d2607528-f55a-5209-b9df-df989938e80c,kr,카멜리아,2026-06-19 14:29:13.611862+00
f6cebbc0-e5ff-5373-89b1-ea6a4a46895b,f6ddc212-ef25-5c03-96b3-ca45b5e66c32,en,Dan Heng • Imbibitor Lunae,2026-06-19 14:29:13.611862+00
f71373f2-31d4-57df-9c08-030703d00f05,85327317-9c95-525e-999e-47bb1ec52fe6,en,Yixuan,2026-06-19 14:29:13.611862+00
f791a8ae-c407-58c8-a5ef-35fdaa9bfd11,923d78c3-6110-5b0f-9230-bf98e24054b9,kr,리나,2026-06-19 14:29:13.611862+00
f7bca889-15d6-54d8-a4a3-72b4b55b8a54,55d7babb-b256-5b99-aa51-0dea2ba40103,zh,莱卡恩,2026-06-19 14:29:13.611862+00
f7f1be9a-290e-5e61-8cf7-41d6786b1d37,55fa55f6-27e9-5bc2-a321-98e43762cb2d,zh,本,2026-06-19 14:29:13.611862+00
f88af567-f44a-505c-b8d1-6de8c7a3fdc9,802bc471-2731-5c65-87c3-1f25d4a80ab3,en,Sushang,2026-06-19 14:29:13.611862+00
f8f6ac50-ddc9-5bfd-8d7f-d9708d729334,f6ddc212-ef25-5c03-96b3-ca45b5e66c32,kr,단항•음월,2026-06-19 14:29:13.611862+00
f8ff8767-9a2a-5acb-ab24-6d791a8947ce,b663ec24-a79b-5d5e-8ec6-126ac6919d53,kr,페비,2026-06-19 14:29:13.611862+00
f914747a-3cf4-55e6-8b70-9c4472799a43,4293a0f5-a8fe-5e16-ae9e-ace7b6c51fb2,kr,블레이드,2026-06-19 14:29:13.611862+00
f95691b9-e2a6-5587-aa74-ad77ead449dc,55fa55f6-27e9-5bc2-a321-98e43762cb2d,kr,벤,2026-06-19 14:29:13.611862+00
f9b7c78d-3a46-5609-81e7-4c07557f64a6,e8d2a268-4e31-5662-9696-1ff510300ee5,kr,에이메스,2026-06-19 14:29:13.611862+00
f9dffdaf-23af-57a6-91a3-a91d7f4072e9,5b394057-66c5-509c-9cfe-fd46b5dd447f,en,Luocha,2026-06-19 14:29:13.611862+00
fa3f0614-0332-51e6-ae64-c0ee88601165,9bdb4871-f682-564f-a578-c9205a5827b3,jp,ニコ,2026-06-19 14:29:13.611862+00
fa54671b-9b22-5bac-8109-220ab1456186,b9a66099-5542-5dec-82c0-1e4b587d2b06,en,Hysilens,2026-06-19 14:29:13.611862+00
fada3e7b-893b-5e9b-98aa-970e213a21a2,a82e5abc-06e6-59dc-8399-16b7007c2e7f,kr,영사,2026-06-19 14:29:13.611862+00
fb073f1d-f306-5c6c-9ebb-465bb4d073a1,3c9b7e76-9d1e-5078-a7bf-c0dc07d72693,jp,ショアキーパー,2026-06-19 14:29:13.611862+00
fb3aae29-e2e5-5326-9358-f179fdbdb46c,85b5a5e2-5ae6-5835-b420-52be62956eaf,en,Jing Yuan,2026-06-19 14:29:13.611862+00
fb4b4359-deec-543d-8c52-1db072161284,94871ba8-f12e-51e3-9890-2935b4b3de73,zh,遐蝶,2026-06-19 14:29:13.611862+00
fb64e6ea-8c5e-5eea-a90d-468374b3dcd1,1765fc90-fd0b-5ad0-8be2-b9a3935cd3af,zh,照,2026-06-19 14:29:13.611862+00
fba40b61-8f80-5e86-ab1c-e0d50b23ce27,6458d673-5b47-56a3-8a2c-830ab3243afb,jp,蒼角,2026-06-19 14:29:13.611862+00
fba5719f-f09a-50ce-b4f8-f5bfa28e08cc,a924c690-e5eb-50cb-998c-9f185e335eaa,zh,卢卡,2026-06-19 14:29:13.611862+00
fc13beb7-e59f-5418-9f3a-55ad653ce874,8d0929fe-639b-5acc-bec8-59cbb456147a,en,Phainon,2026-06-19 14:29:13.611862+00
fccfa5f1-8762-51b2-ab1f-e359a4995103,5b28eb8d-9693-57da-8dc0-ee51b4abc91f,zh,别礼,2026-06-19 14:29:13.611862+00
fcd5c264-3192-54a7-9017-60c452743480,9c049892-e371-5bce-a1bb-cdb44edd7c56,kr,젠니,2026-06-19 14:29:13.611862+00
fce77136-2c0f-563b-8cb6-7820f7aa6712,c6b4a923-a7b4-5c0c-b22b-78d02217fe96,kr,비비안,2026-06-19 14:29:13.611862+00
fd19111c-2ec4-5f82-83cd-79ccc0d7920b,7766d2b9-6efe-5031-a232-3b3e260237ad,en,Zhezhi,2026-06-19 14:29:13.611862+00
fd280a06-34fc-5940-a553-bfafabbca032,d507e539-cada-580e-8915-3ca5cf695a13,zh,爱丽丝,2026-06-19 14:29:13.611862+00
fd2c4820-5de7-589b-84c4-0ef0c3f5816e,634a4cf7-0328-5d47-b6bf-30f493c5345b,en,Silver Wolf,2026-06-19 14:29:13.611862+00
fd6860be-f1b4-59fb-be9b-a61a38a76e8b,59312c02-5880-5274-b877-5f13f7011997,kr,야나기,2026-06-19 14:29:13.611862+00
fdd2d63c-2718-5a96-9aab-f0f7f337088a,cb49918f-b383-5414-afb0-4de5855367a4,zh,佩拉,2026-06-19 14:29:13.611862+00
fdf4c21a-8a5d-5bf5-ad65-862992f804ac,f80f8bcc-4a86-5a54-bcc9-bf321b25ad4d,en,Yunli,2026-06-19 14:29:13.611862+00
fe33634f-31ae-5a8e-95d5-3b275784c382,c45172b7-bf98-5e0b-99ae-f7babca9645f,en,Yangyang,2026-06-19 14:29:13.611862+00
fe6f2683-061c-5666-ba1a-45d4857af886,a0379cd9-dbf9-5dc4-863e-ae4e7655fba8,kr,11호,2026-06-19 14:29:13.611862+00
fe73e8aa-93e5-52e1-82e3-cdb6e52cc856,9438321c-2eb4-51ec-87b8-3b36b7ebd070,zh,Saber,2026-06-19 14:29:13.611862+00
ffc8b89a-9415-5234-951e-ecab880d6645,f6ddc212-ef25-5c03-96b3-ca45b5e66c32,zh,丹恒・饮月,2026-06-19 14:29:13.611862+00