id,game_id,name,element,profession,sex,rarity,note,created_at,updated_at
01cdb555-4023-522c-b14b-ee10551ad3f7,d81251ab-312f-58ca-a1d6-7a6c9d35f98e,佩洛伊斯,以太,强攻,未定,T1,,2026-06-19 14:29:13.611862+00,2026-06-19 14:29:13.611862+00
02455589-782c-528f-af1c-fa1714747520,6d9435a8-984c-53fe-a467-257b1e9e8811,艾丝妲,火,同谐,女,T2,,2026-06-19 14:29:13.611862+00,2026-06-19 14:29:13.611862+00
042bfe28-e547-5fe1-84a6-69ec68193cb6,6d9435a8-984c-53fe-a467-257b1e9e8811,流萤,火,毁灭,女,T0,,2026-06-19 14:29:13.611862+00,2026-06-19 14:29:13.611862+00
06ab1012-0dde-559f-90c1-ced66f9d6cff,2892f75b-aec5-53d7-bf7d-b3d529046539,西格莉卡,气动,臂铠,女,T0,,2026-06-19 14:29:13.611862+00,2026-06-19 14:29:13.611862+00
09401f00-f115-54bd-bcd7-13a5ee49944d,d81251ab-312f-58ca-a1d6-7a6c9d35f98e,雅,冰,异常,女,T0,虚狩，烈霜（冰）,2026-06-19 14:29:13.611862+00,2026-06-19 14:29:13.611862+00
0b016369-80f3-52e7-9a82-6f839be8c6ea,2892f75b-aec5-53d7-bf7d-b3d529046539,露帕,热熔,长刃,女,T0,,2026-06-19 14:29:13.611862+00,2026-06-19 14:29:13.611862+00
0d6dfd80-1582-5698-bf10-4f18987af89e,6d9435a8-984c-53fe-a467-257b1e9e8811,米沙,冰,毁灭,男,T2,,2026-06-19 14:29:13.611862+00,2026-06-19 14:29:13.611862+00
0e9beceb-4832-5ea1-98d1-743636672eeb,6d9435a8-984c-53fe-a467-257b1e9e8811,星期日,虚数,同谐,男,T0,,2026-06-19 14:29:13.611862+00,2026-06-19 14:29:13.611862+00
0ff30224-209f-5845-83e4-39b552fa4ad8,d81251ab-312f-58ca-a1d6-7a6c9d35f98e,朱鸢,以太,强攻,女,T0,,2026-06-19 14:29:13.611862+00,2026-06-19 14:29:13.611862+00
10180c73-dc0d-5ade-8bfc-64fd47cce76e,d81251ab-312f-58ca-a1d6-7a6c9d35f98e,希希芙,电,强攻,女,T0,,2026-06-19 14:29:13.611862+00,2026-06-19 14:29:13.611862+00
13663f60-289b-50ad-89a6-e7d121dff17c,2892f75b-aec5-53d7-bf7d-b3d529046539,忌炎,气动,长刃,男,T0,,2026-06-19 14:29:13.611862+00,2026-06-19 14:29:13.611862+00
1438a303-164b-57c3-bd27-f44262e7359f,f9c23768-c1ad-5afd-bb58-2dd25bebc81b,艾维文娜,电磁,突击,女,T2,,2026-06-19 14:29:13.611862+00,2026-06-19 14:29:13.611862+00
1765fc90-fd0b-5ad0-8be2-b9a3935cd3af,d81251ab-312f-58ca-a1d6-7a6c9d35f98e,照,冰,防护,女,T0,,2026-06-19 14:29:13.611862+00,2026-06-19 14:29:13.611862+00
17fe8cab-753a-5452-b598-07d0c6b528dc,6d9435a8-984c-53fe-a467-257b1e9e8811,桑博,风,虚无,男,T2,,2026-06-19 14:29:13.611862+00,2026-06-19 14:29:13.611862+00
18b934f5-6976-5fbf-a236-ebc1793192ba,d81251ab-312f-58ca-a1d6-7a6c9d35f98e,般岳,火,命破,男,T0,,2026-06-19 14:29:13.611862+00,2026-06-19 14:29:13.611862+00
198bf9fc-10f9-5172-ba4e-436c4d26c574,2892f75b-aec5-53d7-bf7d-b3d529046539,长离,热熔,迅刀,女,T0,,2026-06-19 14:29:13.611862+00,2026-06-19 14:29:13.611862+00
19a92ead-3e56-5aa8-b072-e493c69c2f11,2892f75b-aec5-53d7-bf7d-b3d529046539,桃祈,湮灭,长刃,女,T2,,2026-06-19 14:29:13.611862+00,2026-06-19 14:29:13.611862+00
1a5351f2-63a1-53ad-a95f-d160dca2e5fa,6d9435a8-984c-53fe-a467-257b1e9e8811,翡翠,量子,智识,女,T0,,2026-06-19 14:29:13.611862+00,2026-06-19 14:29:13.611862+00
1b7c1597-3da4-5694-b728-aa6804ebbc00,6d9435a8-984c-53fe-a467-257b1e9e8811,火花,火,欢愉,女,T0,,2026-06-19 14:29:13.611862+00,2026-06-19 14:29:13.611862+00
1c106691-5a1c-547a-bfe9-eca000ec5b37,6d9435a8-984c-53fe-a467-257b1e9e8811,丹恒•腾荒,物理,存护,男,T0,,2026-06-19 14:29:13.611862+00,2026-06-19 14:29:13.611862+00
1cb8defd-b395-5679-a5a4-e47308ff7fad,d81251ab-312f-58ca-a1d6-7a6c9d35f98e,浮波柚叶,物理,支援,女,T0,,2026-06-19 14:29:13.611862+00,2026-06-19 14:29:13.611862+00
1d0fc590-86d4-5b62-b668-22b12b10fa31,2892f75b-aec5-53d7-bf7d-b3d529046539,秋水,气动,配枪,男,T2,,2026-06-19 14:29:13.611862+00,2026-06-19 14:29:13.611862+00
1edc210d-b417-5af5-bc57-418fc1b438d9,e9fb62db-2d35-536a-b671-f204968b0b2b,九原,灵,固态,女,T1,,2026-06-19 14:29:13.611862+00,2026-06-19 14:29:13.611862+00
2010c130-638c-5fc3-9c39-0afc203757cb,f9c23768-c1ad-5afd-bb58-2dd25bebc81b,大潘,物理,突击,男,T2,,2026-06-19 14:29:13.611862+00,2026-06-19 14:29:13.611862+00
21692d47-734e-5634-966a-518141d3f013,6d9435a8-984c-53fe-a467-257b1e9e8811,绯英,物理,欢愉,女,T0,,2026-06-19 14:29:13.611862+00,2026-06-19 14:29:13.611862+00
2174ca2e-8495-50e3-8272-156e3e6523e4,e9fb62db-2d35-536a-b671-f204968b0b2b,埃德嘉,光,液态,男,T2,,2026-06-19 14:29:13.611862+00,2026-06-19 14:29:13.611862+00
232b12f3-2510-5cdf-b40c-e3c92d72c660,2892f75b-aec5-53d7-bf7d-b3d529046539,白芷,冷凝,音感仪,女,T2,,2026-06-19 14:29:13.611862+00,2026-06-19 14:29:13.611862+00
2382b4a0-ca2c-586a-a93d-2c65c616453c,f9c23768-c1ad-5afd-bb58-2dd25bebc81b,管理员 (女),物理,近卫,未定,T1,,2026-06-19 14:29:13.611862+00,2026-06-19 14:29:13.611862+00
24025e8d-05d2-570f-93fd-0b8b005fa3c6,6d9435a8-984c-53fe-a467-257b1e9e8811,爻光,物理,欢愉,女,T0,,2026-06-19 14:29:13.611862+00,2026-06-19 14:29:13.611862+00
24031ef9-fe8c-53ca-b0ed-c13f3595e922,6d9435a8-984c-53fe-a467-257b1e9e8811,镜流,冰,毁灭,女,T0,,2026-06-19 14:29:13.611862+00,2026-06-19 14:29:13.611862+00
25474691-0f98-5bfc-a061-a7f1c615a452,e9fb62db-2d35-536a-b671-f204968b0b2b,达芙蒂尔,暗,液态,女,T1,,2026-06-19 14:29:13.611862+00,2026-06-19 14:29:13.611862+00
258c9169-d986-573f-90ec-545444234024,2892f75b-aec5-53d7-bf7d-b3d529046539,卡卡罗,导电,长刃,男,T1,,2026-06-19 14:29:13.611862+00,2026-06-19 14:29:13.611862+00
26dd0477-a8ac-51a2-9fb5-582831a946c0,f9c23768-c1ad-5afd-bb58-2dd25bebc81b,弧光,电磁,先锋,女,T2,,2026-06-19 14:29:13.611862+00,2026-06-19 14:29:13.611862+00
26fcb56c-62a3-5abb-a590-f7511281ba38,d81251ab-312f-58ca-a1d6-7a6c9d35f98e,伊芙琳,火,强攻,女,T0,,2026-06-19 14:29:13.611862+00,2026-06-19 14:29:13.611862+00
27d19f85-e526-5d19-9032-fa4bf05c63be,f9c23768-c1ad-5afd-bb58-2dd25bebc81b,黎风,物理,近卫,男,T1,,2026-06-19 14:29:13.611862+00,2026-06-19 14:29:13.611862+00
295d361c-6d71-5994-9dbc-6e8f1042c531,6d9435a8-984c-53fe-a467-257b1e9e8811,符玄,量子,存护,女,T0,,2026-06-19 14:29:13.611862+00,2026-06-19 14:29:13.611862+00
29b85018-415e-5ac2-a7f7-b8ee54982fdb,6d9435a8-984c-53fe-a467-257b1e9e8811,阮梅,冰,同谐,女,T0,,2026-06-19 14:29:13.611862+00,2026-06-19 14:29:13.611862+00
2bcbd0bd-2983-53eb-84b1-bb9a6f57e0a1,6d9435a8-984c-53fe-a467-257b1e9e8811,波提欧,物理,巡猎,男,T0,,2026-06-19 14:29:13.611862+00,2026-06-19 14:29:13.611862+00
2bd978a0-f43b-5fbd-b96e-7939e6b1c862,d81251ab-312f-58ca-a1d6-7a6c9d35f98e,扳机,电,击破,女,T0,,2026-06-19 14:29:13.611862+00,2026-06-19 14:29:13.611862+00
2d45f6d3-1e3d-5197-9c4b-2656ecb44da4,d81251ab-312f-58ca-a1d6-7a6c9d35f98e,可琳,物理,强攻,女,T2,,2026-06-19 14:29:13.611862+00,2026-06-19 14:29:13.611862+00
2e7a4eaf-e28d-5541-b110-ba0f3a59d934,d81251ab-312f-58ca-a1d6-7a6c9d35f98e,雨果,冰,强攻,男,T0,,2026-06-19 14:29:13.611862+00,2026-06-19 14:29:13.611862+00
2ed3a5e1-b8f9-576f-aaf7-aff5f129d9f5,6d9435a8-984c-53fe-a467-257b1e9e8811,克拉拉,物理,毁灭,女,T1,,2026-06-19 14:29:13.611862+00,2026-06-19 14:29:13.611862+00
319ca6ab-5f3e-57ef-80cc-f1d4663cffaf,d81251ab-312f-58ca-a1d6-7a6c9d35f98e,安比,电,击破,女,T2,,2026-06-19 14:29:13.611862+00,2026-06-19 14:29:13.611862+00
328e9346-54db-5943-aa78-709c152bf3a8,6d9435a8-984c-53fe-a467-257b1e9e8811,黄泉,雷,虚无,女,T0,,2026-06-19 14:29:13.611862+00,2026-06-19 14:29:13.611862+00
351e3969-fa59-5e7f-9704-d6c9fb646ac4,d81251ab-312f-58ca-a1d6-7a6c9d35f98e,波可娜,物理,击破,女,T2,,2026-06-19 14:29:13.611862+00,2026-06-19 14:29:13.611862+00
38ec45ad-b0f5-561c-995a-a1402d7684f6,6d9435a8-984c-53fe-a467-257b1e9e8811,青雀,量子,智识,女,T2,,2026-06-19 14:29:13.611862+00,2026-06-19 14:29:13.611862+00
39a099f6-6054-536e-a9ae-5372a665893c,f9c23768-c1ad-5afd-bb58-2dd25bebc81b,洛茜,物理,近卫,女,T0,,2026-06-19 14:29:13.611862+00,2026-06-19 14:29:13.611862+00
3b284e21-a926-5842-9ab2-eebb774673e9,e9fb62db-2d35-536a-b671-f204968b0b2b,法蒂娅,魂,聚合,女,T1,,2026-06-19 14:29:13.611862+00,2026-06-19 14:29:13.611862+00
3c9b7e76-9d1e-5078-a7bf-c0dc07d72693,2892f75b-aec5-53d7-bf7d-b3d529046539,守岸人,衍射,音感仪,女,T0,,2026-06-19 14:29:13.611862+00,2026-06-19 14:29:13.611862+00
3e28e816-4315-58f8-95c7-3c2397ea184b,2892f75b-aec5-53d7-bf7d-b3d529046539,弗洛洛,湮灭,音感仪,女,T0,,2026-06-19 14:29:13.611862+00,2026-06-19 14:29:13.611862+00
3f5f13d7-6f47-55a1-8ea6-e7738e01e103,6d9435a8-984c-53fe-a467-257b1e9e8811,开拓者•欢愉,雷,欢愉,未定,T1,,2026-06-19 14:29:13.611862+00,2026-06-19 14:29:13.611862+00
403f3dc9-176d-5a07-ade9-4fac8de0b2dc,d81251ab-312f-58ca-a1d6-7a6c9d35f98e,格莉丝,电,异常,女,T1,,2026-06-19 14:29:13.611862+00,2026-06-19 14:29:13.611862+00
4293a0f5-a8fe-5e16-ae9e-ace7b6c51fb2,6d9435a8-984c-53fe-a467-257b1e9e8811,刃,风,毁灭,男,T0,,2026-06-19 14:29:13.611862+00,2026-06-19 14:29:13.611862+00
42f1c024-ecad-5576-9517-38520de9e84a,2892f75b-aec5-53d7-bf7d-b3d529046539,散华,冷凝,迅刀,女,T2,,2026-06-19 14:29:13.611862+00,2026-06-19 14:29:13.611862+00
471a2508-d897-53a0-8b5e-4f150abb369b,6d9435a8-984c-53fe-a467-257b1e9e8811,开拓者・存护,火,存护,未定,T1,,2026-06-19 14:29:13.611862+00,2026-06-19 14:29:13.611862+00
47305e8e-ea33-5749-a009-0a036efde169,e9fb62db-2d35-536a-b671-f204968b0b2b,小吱,光,气态,女,T1,,2026-06-19 14:29:13.611862+00,2026-06-19 14:29:13.611862+00
476380ff-35e3-57a1-8ef1-930ce87f6e0c,f9c23768-c1ad-5afd-bb58-2dd25bebc81b,卡契尔,物理,重装,男,T3,,2026-06-19 14:29:13.611862+00,2026-06-19 14:29:13.611862+00
48a768e1-8c8b-5a8e-b04d-28a3312f4f03,d81251ab-312f-58ca-a1d6-7a6c9d35f98e,莱特,火,击破,男,T0,,2026-06-19 14:29:13.611862+00,2026-06-19 14:29:13.611862+00
48f5b0ea-4c68-5d29-8e43-8834cc3600af,6d9435a8-984c-53fe-a467-257b1e9e8811,长夜月,冰,记忆,女,T0,,2026-06-19 14:29:13.611862+00,2026-06-19 14:29:13.611862+00
4c5d3316-02a1-5546-b78f-54a03ae4fee1,6d9435a8-984c-53fe-a467-257b1e9e8811,驭空,虚数,同谐,女,T2,,2026-06-19 14:29:13.611862+00,2026-06-19 14:29:13.611862+00
4d28693e-d175-50de-8b8f-7732b0064c0f,2892f75b-aec5-53d7-bf7d-b3d529046539,灯灯,导电,长刃,女,T2,,2026-06-19 14:29:13.611862+00,2026-06-19 14:29:13.611862+00
4eef5619-de07-58ad-a982-70618f750d78,e9fb62db-2d35-536a-b671-f204968b0b2b,白藏,,,男,T1,,2026-06-19 14:29:13.611862+00,2026-06-19 14:29:13.611862+00
503275d8-3665-531b-b27a-5c36fff908e0,f9c23768-c1ad-5afd-bb58-2dd25bebc81b,庄方宜,电磁,突击,女,T0,,2026-06-19 14:29:13.611862+00,2026-06-19 14:29:13.611862+00
50350522-85b9-52aa-b41f-e0db5d340154,6d9435a8-984c-53fe-a467-257b1e9e8811,希露瓦,雷,智识,女,T2,,2026-06-19 14:29:13.611862+00,2026-06-19 14:29:13.611862+00
55232140-70cf-50ed-881c-47635c369db7,6d9435a8-984c-53fe-a467-257b1e9e8811,大丽花,火,虚无,女,T0,,2026-06-19 14:29:13.611862+00,2026-06-19 14:29:13.611862+00
55d7babb-b256-5b99-aa51-0dea2ba40103,d81251ab-312f-58ca-a1d6-7a6c9d35f98e,莱卡恩,冰,击破,男,T1,,2026-06-19 14:29:13.611862+00,2026-06-19 14:29:13.611862+00
55fa55f6-27e9-5bc2-a321-98e43762cb2d,d81251ab-312f-58ca-a1d6-7a6c9d35f98e,本,火,防护,男,T2,,2026-06-19 14:29:13.611862+00,2026-06-19 14:29:13.611862+00
5753daef-de97-52f8-9a57-e8b66eb77c63,2892f75b-aec5-53d7-bf7d-b3d529046539,莫特斐,热熔,配枪,男,T2,,2026-06-19 14:29:13.611862+00,2026-06-19 14:29:13.611862+00
5784ce92-7095-59f5-bf88-13bf5273bd45,f9c23768-c1ad-5afd-bb58-2dd25bebc81b,佩丽卡,电磁,术师,女,T2,,2026-06-19 14:29:13.611862+00,2026-06-19 14:29:13.611862+00
57bd6a33-d155-5706-b233-5f3dabbcf2b3,6d9435a8-984c-53fe-a467-257b1e9e8811,赛飞儿,量子,虚无,女,T0,,2026-06-19 14:29:13.611862+00,2026-06-19 14:29:13.611862+00
585dc66a-1892-54c1-ba49-23b4b17ce7fb,2892f75b-aec5-53d7-bf7d-b3d529046539,琳奈,衍射,配枪,女,T0,,2026-06-19 14:29:13.611862+00,2026-06-19 14:29:13.611862+00
59312c02-5880-5274-b877-5f13f7011997,d81251ab-312f-58ca-a1d6-7a6c9d35f98e,月城柳,电,异常,女,T0,,2026-06-19 14:29:13.611862+00,2026-06-19 14:29:13.611862+00
59a94d83-c4ac-58bd-a493-31c90d44d1f5,e9fb62db-2d35-536a-b671-f204968b0b2b,鉴定师（光）,光,固态,未定,T1,,2026-06-19 14:29:13.611862+00,2026-06-19 14:29:13.611862+00
59abfed4-5822-5681-b433-5b95e5be898b,2892f75b-aec5-53d7-bf7d-b3d529046539,光主,衍射,迅刀,未定,T1,,2026-06-19 14:29:13.611862+00,2026-06-19 14:29:13.611862+00
5ae53186-b0d9-5610-b13f-f0fdfabcf40b,d81251ab-312f-58ca-a1d6-7a6c9d35f98e,珂蕾妲,火,击破,女,T1,,2026-06-19 14:29:13.611862+00,2026-06-19 14:29:13.611862+00
5b28eb8d-9693-57da-8dc0-ee51b4abc91f,f9c23768-c1ad-5afd-bb58-2dd25bebc81b,别礼,寒冷,突击,女,T1,,2026-06-19 14:29:13.611862+00,2026-06-19 14:29:13.611862+00
5b394057-66c5-509c-9cfe-fd46b5dd447f,6d9435a8-984c-53fe-a467-257b1e9e8811,罗刹,虚数,丰饶,男,T0,,2026-06-19 14:29:13.611862+00,2026-06-19 14:29:13.611862+00
5ee4d55d-07d9-54c2-8acf-2128c903a0e1,2892f75b-aec5-53d7-bf7d-b3d529046539,卜灵,导电,音感仪,女,T2,,2026-06-19 14:29:13.611862+00,2026-06-19 14:29:13.611862+00
60e58ca5-465c-5704-a498-b4872f6822f1,6d9435a8-984c-53fe-a467-257b1e9e8811,飞霄,风,巡猎,女,T0,,2026-06-19 14:29:13.611862+00,2026-06-19 14:29:13.611862+00
62a74bc6-9fa3-5039-a723-c23e708ed641,6d9435a8-984c-53fe-a467-257b1e9e8811,风堇,风,记忆,女,T0,,2026-06-19 14:29:13.611862+00,2026-06-19 14:29:13.611862+00
634a4cf7-0328-5d47-b6bf-30f493c5345b,6d9435a8-984c-53fe-a467-257b1e9e8811,银狼,量子,虚无,女,T0,,2026-06-19 14:29:13.611862+00,2026-06-19 14:29:13.611862+00
6458d673-5b47-56a3-8a2c-830ab3243afb,d81251ab-312f-58ca-a1d6-7a6c9d35f98e,苍角,冰,支援,女,T2,,2026-06-19 14:29:13.611862+00,2026-06-19 14:29:13.611862+00
67518710-4499-5d0a-90fb-72dce401ced9,6d9435a8-984c-53fe-a467-257b1e9e8811,虎克,火,毁灭,女,T2,,2026-06-19 14:29:13.611862+00,2026-06-19 14:29:13.611862+00
67bea321-503d-53a5-b8f0-96052d39753b,f9c23768-c1ad-5afd-bb58-2dd25bebc81b,埃特拉,寒冷,近卫,女,T3,,2026-06-19 14:29:13.611862+00,2026-06-19 14:29:13.611862+00
68a4c61b-67da-5f7a-95de-7d5d1fa3c58e,6d9435a8-984c-53fe-a467-257b1e9e8811,停云,雷,同谐,女,T2,,2026-06-19 14:29:13.611862+00,2026-06-19 14:29:13.611862+00
69202ab1-64a4-5289-ba63-dab4a8b507f9,2892f75b-aec5-53d7-bf7d-b3d529046539,达妮娅,热熔,音感仪,女,T0,かわいすぎる,2026-06-19 14:29:13.611862+00,2026-06-19 14:29:13.611862+00
6a36d61d-6426-58c3-9e00-118cf3d1fe38,d81251ab-312f-58ca-a1d6-7a6c9d35f98e,诺姆,火,击破,女,T0,,2026-06-19 14:29:13.611862+00,2026-06-19 14:29:13.611862+00
6a5ca501-cdad-53f0-b18b-3850a2f09cfe,6d9435a8-984c-53fe-a467-257b1e9e8811,知更鸟,物理,同谐,女,T0,,2026-06-19 14:29:13.611862+00,2026-06-19 14:29:13.611862+00
6a9285e8-a8c5-5f53-8e47-6a00e0021007,2892f75b-aec5-53d7-bf7d-b3d529046539,吟霖,导电,音感仪,女,T0,,2026-06-19 14:29:13.611862+00,2026-06-19 14:29:13.611862+00
6b4f3d0d-7b79-5d61-85fe-bbbe3ec4b81b,6d9435a8-984c-53fe-a467-257b1e9e8811,黑塔,冰,智识,女,T2,,2026-06-19 14:29:13.611862+00,2026-06-19 14:29:13.611862+00
6bd20ca9-c8eb-5f52-acd4-5d8451e26260,e9fb62db-2d35-536a-b671-f204968b0b2b,海月,魂,等离子,女,T2,,2026-06-19 14:29:13.611862+00,2026-06-19 14:29:13.611862+00
6ce6e2d9-0f63-5ce6-bcf2-75c944cd5a2f,d81251ab-312f-58ca-a1d6-7a6c9d35f98e,青衣,电,击破,女,T0,,2026-06-19 14:29:13.611862+00,2026-06-19 14:29:13.611862+00
6f67650b-266c-5064-9013-8e27ccd602e0,d81251ab-312f-58ca-a1d6-7a6c9d35f98e,派派,物理,异常,女,T2,,2026-06-19 14:29:13.611862+00,2026-06-19 14:29:13.611862+00
7068b1b7-aaf5-502a-9245-b7c8f993b5ea,2892f75b-aec5-53d7-bf7d-b3d529046539,风主,气动,迅刀,未定,T1,,2026-06-19 14:29:13.611862+00,2026-06-19 14:29:13.611862+00
70a3fef7-15d4-5443-883b-a2dcfa702b2c,d81251ab-312f-58ca-a1d6-7a6c9d35f98e,琉音,物理,击破,女,T0,,2026-06-19 14:29:13.611862+00,2026-06-19 14:29:13.611862+00
736a8d04-7c41-59f5-ac98-a4bb8f3fa522,d81251ab-312f-58ca-a1d6-7a6c9d35f98e,柏妮思,火,异常,女,T0,,2026-06-19 14:29:13.611862+00,2026-06-19 14:29:13.611862+00
73cbfd1a-012b-5e13-8bfe-209a91d56995,6d9435a8-984c-53fe-a467-257b1e9e8811,黑天鹅,风,虚无,女,T0,,2026-06-19 14:29:13.611862+00,2026-06-19 14:29:13.611862+00
74a64c57-bb44-5d2e-a841-3823342bd6c3,d81251ab-312f-58ca-a1d6-7a6c9d35f98e,简,物理,异常,女,T0,,2026-06-19 14:29:13.611862+00,2026-06-19 14:29:13.611862+00
74c05933-69be-5782-b2db-af4df8970d7f,2892f75b-aec5-53d7-bf7d-b3d529046539,莫宁,热熔,长刃,女,T0,,2026-06-19 14:29:13.611862+00,2026-06-19 14:29:13.611862+00
75b8f146-aa92-5f4c-9af3-b28d5cbe6301,6d9435a8-984c-53fe-a467-257b1e9e8811,希儿,量子,巡猎,女,T0,,2026-06-19 14:29:13.611862+00,2026-06-19 14:29:13.611862+00
7617d8b4-8d3c-5f99-8a79-ad4f0f63f565,d81251ab-312f-58ca-a1d6-7a6c9d35f98e,南宫羽,以太,击破,女,T0,组妄想天使队，或者服务异常大C，不同的C南宫羽自身带的驱动盘有所不同,2026-06-19 14:29:13.611862+00,2026-06-19 14:29:13.611862+00
7766d2b9-6efe-5031-a232-3b3e260237ad,2892f75b-aec5-53d7-bf7d-b3d529046539,折枝,冷凝,音感仪,女,T0,,2026-06-19 14:29:13.611862+00,2026-06-19 14:29:13.611862+00
78b3e5e0-1c26-5c43-950a-ba1a7a7c88d2,6d9435a8-984c-53fe-a467-257b1e9e8811,砂金,虚数,存护,男,T0,,2026-06-19 14:29:13.611862+00,2026-06-19 14:29:13.611862+00
79e417bd-c3cb-5636-b6a6-86452fa40968,d81251ab-312f-58ca-a1d6-7a6c9d35f98e,耀嘉音,以太,支援,女,T0,,2026-06-19 14:29:13.611862+00,2026-06-19 14:29:13.611862+00
7a7ceed0-e416-55ff-a482-2cbc91099184,f9c23768-c1ad-5afd-bb58-2dd25bebc81b,伊冯,寒冷,突击,女,T0,,2026-06-19 14:29:13.611862+00,2026-06-19 14:29:13.611862+00
7d3b194f-11cb-57c2-930d-1dd19f33234b,d81251ab-312f-58ca-a1d6-7a6c9d35f98e,伊德海莉,冰,命破,女,T0,,2026-06-19 14:29:13.611862+00,2026-06-19 14:29:13.611862+00
7d80c986-c9a1-5f76-8b3c-3e82cfc19d51,2892f75b-aec5-53d7-bf7d-b3d529046539,卡提希娅,气动,迅刀,女,T0,,2026-06-19 14:29:13.611862+00,2026-06-19 14:29:13.611862+00
7e90490e-7dd1-558e-aa56-ff015a45d813,f9c23768-c1ad-5afd-bb58-2dd25bebc81b,卡缪,灼热,先锋,男,T0,,2026-06-19 14:29:13.611862+00,2026-06-19 14:29:13.611862+00
7ee6d558-c8a0-55e6-a446-305684ab6ab9,2892f75b-aec5-53d7-bf7d-b3d529046539,鉴心,气动,臂铠,女,T1,,2026-06-19 14:29:13.611862+00,2026-06-19 14:29:13.611862+00
7f663da3-4b8f-5fb8-9786-2ecada264897,6d9435a8-984c-53fe-a467-257b1e9e8811,刻律德菈,风,同谐,女,T0,,2026-06-19 14:29:13.611862+00,2026-06-19 14:29:13.611862+00
802bc471-2731-5c65-87c3-1f25d4a80ab3,6d9435a8-984c-53fe-a467-257b1e9e8811,素裳,物理,巡猎,女,T2,,2026-06-19 14:29:13.611862+00,2026-06-19 14:29:13.611862+00
81b985b7-6a49-5e2b-becb-5fb00d8574a2,d81251ab-312f-58ca-a1d6-7a6c9d35f98e,赛斯,电,防护,男,T2,,2026-06-19 14:29:13.611862+00,2026-06-19 14:29:13.611862+00
826c10d4-f5c0-5465-80d0-7273edad5cd3,2892f75b-aec5-53d7-bf7d-b3d529046539,布兰特,热熔,迅刀,男,T0,,2026-06-19 14:29:13.611862+00,2026-06-19 14:29:13.611862+00
85327317-9c95-525e-999e-47bb1ec52fe6,d81251ab-312f-58ca-a1d6-7a6c9d35f98e,仪玄,以太,命破,女,T0,宗师，玄墨（以太）,2026-06-19 14:29:13.611862+00,2026-06-19 14:29:13.611862+00
859d6a30-e045-5624-8257-f3b2139c2fe3,6d9435a8-984c-53fe-a467-257b1e9e8811,雪衣,量子,毁灭,女,T2,,2026-06-19 14:29:13.611862+00,2026-06-19 14:29:13.611862+00
85b5a5e2-5ae6-5835-b420-52be62956eaf,6d9435a8-984c-53fe-a467-257b1e9e8811,景元,雷,智识,男,T0,,2026-06-19 14:29:13.611862+00,2026-06-19 14:29:13.611862+00
8836a706-cc5a-5824-8853-aac3e799c529,6d9435a8-984c-53fe-a467-257b1e9e8811,三月七（存护）,冰,存护,女,T2,,2026-06-19 14:29:13.611862+00,2026-06-19 14:29:13.611862+00
8c5ebde3-aad8-523c-a8e5-e268fdfad5f5,6d9435a8-984c-53fe-a467-257b1e9e8811,不死途,雷,巡猎,男,T0,,2026-06-19 14:29:13.611862+00,2026-06-19 14:29:13.611862+00
8c8ceb72-2476-512f-8ac3-f398cd00c9e5,f9c23768-c1ad-5afd-bb58-2dd25bebc81b,阿列什,寒冷,先锋,男,T2,,2026-06-19 14:29:13.611862+00,2026-06-19 14:29:13.611862+00
8ce6c61c-d791-5c63-9cfd-acebdabcb03b,2892f75b-aec5-53d7-bf7d-b3d529046539,夏空,气动,配枪,女,T0,,2026-06-19 14:29:13.611862+00,2026-06-19 14:29:13.611862+00
8d0929fe-639b-5acc-bec8-59cbb456147a,6d9435a8-984c-53fe-a467-257b1e9e8811,白厄,物理,毁灭,男,T0,,2026-06-19 14:29:13.611862+00,2026-06-19 14:29:13.611862+00
8dbfbb01-e010-5c64-8dac-325f9820c44b,d81251ab-312f-58ca-a1d6-7a6c9d35f98e,潘引壶,物理,防护,男,T2,,2026-06-19 14:29:13.611862+00,2026-06-19 14:29:13.611862+00
9132e198-9b32-5077-bcfc-62730fb378ae,2892f75b-aec5-53d7-bf7d-b3d529046539,暗主,湮灭,迅刀,未定,T1,,2026-06-19 14:29:13.611862+00,2026-06-19 14:29:13.611862+00
913312d7-07e3-53a5-b607-f070b1cd7d7b,6d9435a8-984c-53fe-a467-257b1e9e8811,卡芙卡,雷,虚无,女,T0,,2026-06-19 14:29:13.611862+00,2026-06-19 14:29:13.611862+00
923d78c3-6110-5b0f-9230-bf98e24054b9,d81251ab-312f-58ca-a1d6-7a6c9d35f98e,丽娜,电,支援,女,T1,,2026-06-19 14:29:13.611862+00,2026-06-19 14:29:13.611862+00
928469d1-0f17-5db3-a19b-d28f31a00380,d81251ab-312f-58ca-a1d6-7a6c9d35f98e,奥菲斯&「鬼火」,火,强攻,女,T0,,2026-06-19 14:29:13.611862+00,2026-06-19 14:29:13.611862+00
9438321c-2eb4-51ec-87b8-3b36b7ebd070,6d9435a8-984c-53fe-a467-257b1e9e8811,Saber,风,毁灭,女,T0,,2026-06-19 14:29:13.611862+00,2026-06-19 14:29:13.611862+00
9466ac7c-46f8-521e-9027-7a70ab65b0e7,6d9435a8-984c-53fe-a467-257b1e9e8811,阿兰,雷,毁灭,男,T2,,2026-06-19 14:29:13.611862+00,2026-06-19 14:29:13.611862+00
94871ba8-f12e-51e3-9890-2935b4b3de73,6d9435a8-984c-53fe-a467-257b1e9e8811,遐蝶,量子,记忆,女,T0,记忆队主C,2026-06-19 14:29:13.611862+00,2026-06-19 14:29:13.611862+00
957f4f37-344a-5182-8678-0f085cdafe89,2892f75b-aec5-53d7-bf7d-b3d529046539,凌阳,冷凝,臂铠,男,T1,,2026-06-19 14:29:13.611862+00,2026-06-19 14:29:13.611862+00
96644b58-8f1d-5705-81ec-5b9d3ee8b825,2892f75b-aec5-53d7-bf7d-b3d529046539,绯雪,冷凝,迅刀,女,T0,让人回想起阴阳师,2026-06-19 14:29:13.611862+00,2026-06-19 14:29:13.611862+00
984ef995-20d6-5a1c-b69f-98303f7595ce,f9c23768-c1ad-5afd-bb58-2dd25bebc81b,秋栗,灼热,先锋,女,T3,,2026-06-19 14:29:13.611862+00,2026-06-19 14:29:13.611862+00
99093fb7-e5d8-5221-b01e-41d510b0e500,e9fb62db-2d35-536a-b671-f204968b0b2b,卡厄斯,相,聚合,男,T0,,2026-06-19 14:29:13.611862+00,2026-06-19 14:29:13.611862+00
9b7b16b5-3859-5b3c-b389-656fece3ab32,e9fb62db-2d35-536a-b671-f204968b0b2b,浔,光,固态,女,T0,,2026-06-19 14:29:13.611862+00,2026-06-19 14:29:13.611862+00
9bd73d74-b7f9-5422-a55a-95b0e39ec7b0,2892f75b-aec5-53d7-bf7d-b3d529046539,嘉贝莉娜,热熔,配枪,女,T0,,2026-06-19 14:29:13.611862+00,2026-06-19 14:29:13.611862+00
9bdb4871-f682-564f-a578-c9205a5827b3,d81251ab-312f-58ca-a1d6-7a6c9d35f98e,妮可,以太,支援,女,T2,,2026-06-19 14:29:13.611862+00,2026-06-19 14:29:13.611862+00
9c049892-e371-5bce-a1bb-cdb44edd7c56,2892f75b-aec5-53d7-bf7d-b3d529046539,赞妮,衍射,臂铠,女,T0,,2026-06-19 14:29:13.611862+00,2026-06-19 14:29:13.611862+00
9caaed78-ace6-5aa2-bcc0-1b15f391acb8,6d9435a8-984c-53fe-a467-257b1e9e8811,万敌,虚数,毁灭,男,T0,,2026-06-19 14:29:13.611862+00,2026-06-19 14:29:13.611862+00
9d7252af-aaf4-5234-a015-d1a2d9591497,d81251ab-312f-58ca-a1d6-7a6c9d35f98e,凯撒,物理,防护,女,T0,,2026-06-19 14:29:13.611862+00,2026-06-19 14:29:13.611862+00
9f039381-b214-59cc-9533-8da4b16927e4,2892f75b-aec5-53d7-bf7d-b3d529046539,釉瑚,冷凝,臂铠,女,T2,,2026-06-19 14:29:13.611862+00,2026-06-19 14:29:13.611862+00
9f168476-6edf-562e-8180-43e60827d8c7,6d9435a8-984c-53fe-a467-257b1e9e8811,那刻夏,风,智识,男,T0,,2026-06-19 14:29:13.611862+00,2026-06-19 14:29:13.611862+00
9f9e05fe-fc39-5de7-9314-fc02d99655b8,d81251ab-312f-58ca-a1d6-7a6c9d35f98e,比利,物理,强攻,男,T2,,2026-06-19 14:29:13.611862+00,2026-06-19 14:29:13.611862+00
a0379cd9-dbf9-5dc4-863e-ae4e7655fba8,d81251ab-312f-58ca-a1d6-7a6c9d35f98e,11号,火,强攻,女,T1,,2026-06-19 14:29:13.611862+00,2026-06-19 14:29:13.611862+00
a08b70b4-cae2-52ad-a2c0-2b91bb6708f3,d81251ab-312f-58ca-a1d6-7a6c9d35f98e,露西,火,支援,女,T2,,2026-06-19 14:29:13.611862+00,2026-06-19 14:29:13.611862+00
a29da9e8-6314-585a-ae5b-3d1af3b4ee8d,6d9435a8-984c-53fe-a467-257b1e9e8811,真理医生,虚数,巡猎,男,T0,,2026-06-19 14:29:13.611862+00,2026-06-19 14:29:13.611862+00
a2e885de-e3b0-5970-89c5-073561d2f870,6d9435a8-984c-53fe-a467-257b1e9e8811,Archer,量子,巡猎,男,T0,,2026-06-19 14:29:13.611862+00,2026-06-19 14:29:13.611862+00
a427f026-be94-5e09-b256-a66bf390e7ce,6d9435a8-984c-53fe-a467-257b1e9e8811,布洛妮娅,风,同谐,女,T1,,2026-06-19 14:29:13.611862+00,2026-06-19 14:29:13.611862+00
a4b22962-0a38-5219-8f73-d204b90c8045,6d9435a8-984c-53fe-a467-257b1e9e8811,桂乃芬,火,虚无,女,T2,,2026-06-19 14:29:13.611862+00,2026-06-19 14:29:13.611862+00
a7826abb-6bc2-5921-98f1-1ce5d6777fe5,6d9435a8-984c-53fe-a467-257b1e9e8811,千冶•刃,火,虚无,男,T0,,2026-06-19 14:29:13.611862+00,2026-06-19 14:29:13.611862+00
a82e5abc-06e6-59dc-8399-16b7007c2e7f,6d9435a8-984c-53fe-a467-257b1e9e8811,灵砂,火,丰饶,女,T0,,2026-06-19 14:29:13.611862+00,2026-06-19 14:29:13.611862+00
a924c690-e5eb-50cb-998c-9f185e335eaa,6d9435a8-984c-53fe-a467-257b1e9e8811,卢卡,物理,虚无,男,T2,,2026-06-19 14:29:13.611862+00,2026-06-19 14:29:13.611862+00
a9479f22-983c-5dd9-863c-59d7d5c3eab6,2892f75b-aec5-53d7-bf7d-b3d529046539,渊武,导电,臂铠,男,T2,,2026-06-19 14:29:13.611862+00,2026-06-19 14:29:13.611862+00
aa0da005-a0d5-5e9e-82bc-9e5da478c405,6d9435a8-984c-53fe-a467-257b1e9e8811,白露,雷,丰饶,女,T1,,2026-06-19 14:29:13.611862+00,2026-06-19 14:29:13.611862+00
aa7df507-317b-532e-a7fb-0f7149dfa79b,d81251ab-312f-58ca-a1d6-7a6c9d35f98e,橘福福,火,击破,女,T0,,2026-06-19 14:29:13.611862+00,2026-06-19 14:29:13.611862+00
ab758e38-1795-536a-abca-fef0d4840e45,d81251ab-312f-58ca-a1d6-7a6c9d35f98e,安东,电,强攻,男,T2,,2026-06-19 14:29:13.611862+00,2026-06-19 14:29:13.611862+00
abad5aba-e99f-52c8-8dc8-b06dd8366651,d81251ab-312f-58ca-a1d6-7a6c9d35f98e,零号·安比,电,强攻,女,T0,,2026-06-19 14:29:13.611862+00,2026-06-19 14:29:13.611862+00
acca0932-e8dd-51a6-af31-ba1286f947ca,6d9435a8-984c-53fe-a467-257b1e9e8811,忘归人,火,虚无,女,T0,,2026-06-19 14:29:13.611862+00,2026-06-19 14:29:13.611862+00
ad0b0ca3-bfe0-51ac-95be-8ef355a9bee1,6d9435a8-984c-53fe-a467-257b1e9e8811,瓦尔特,虚数,虚无,男,T1,,2026-06-19 14:29:13.611862+00,2026-06-19 14:29:13.611862+00
ad5726ea-f4a0-52ee-b2df-d293a43a87ad,2892f75b-aec5-53d7-bf7d-b3d529046539,奥古斯塔,导电,长刃,女,T0,,2026-06-19 14:29:13.611862+00,2026-06-19 14:29:13.611862+00
b27b840e-a941-56f1-ac8d-27f2917accf0,6d9435a8-984c-53fe-a467-257b1e9e8811,娜塔莎,物理,丰饶,女,T2,,2026-06-19 14:29:13.611862+00,2026-06-19 14:29:13.611862+00
b2dcd0bb-c9f9-5cb7-91bd-b912796d4b37,2892f75b-aec5-53d7-bf7d-b3d529046539,维里奈,衍射,音感仪,女,T1,,2026-06-19 14:29:13.611862+00,2026-06-19 14:29:13.611862+00
b2ff5a83-16d7-5788-86a0-bf79a9161692,2892f75b-aec5-53d7-bf7d-b3d529046539,洛可可,湮灭,臂铠,女,T0,,2026-06-19 14:29:13.611862+00,2026-06-19 14:29:13.611862+00
b3145bf6-d9a8-5098-a287-5a04222262af,f9c23768-c1ad-5afd-bb58-2dd25bebc81b,赛希,寒冷,辅助,女,T2,,2026-06-19 14:29:13.611862+00,2026-06-19 14:29:13.611862+00
b3434a98-1643-55ff-ba4e-7a5dc9c85d65,e9fb62db-2d35-536a-b671-f204968b0b2b,哈索尔,,,女,T1,,2026-06-19 14:29:13.611862+00,2026-06-19 14:29:13.611862+00
b3a3fbd3-ca81-593a-854d-5e92308b6522,6d9435a8-984c-53fe-a467-257b1e9e8811,椒丘,火,虚无,男,T0,,2026-06-19 14:29:13.611862+00,2026-06-19 14:29:13.611862+00
b54cb532-b428-530f-b752-bba5e54f2ae9,2892f75b-aec5-53d7-bf7d-b3d529046539,洛瑟拉,冷凝,音感仪,女,T0,,2026-06-19 14:29:13.611862+00,2026-06-19 14:29:13.611862+00
b5b47d41-8aba-553c-aa59-81eb84d24805,d81251ab-312f-58ca-a1d6-7a6c9d35f98e,猫又,物理,强攻,女,T1,,2026-06-19 14:29:13.611862+00,2026-06-19 14:29:13.611862+00
b5e20058-18a0-565b-942c-c655232ef432,6d9435a8-984c-53fe-a467-257b1e9e8811,花火,量子,同谐,女,T0,,2026-06-19 14:29:13.611862+00,2026-06-19 14:29:13.611862+00
b60a4136-661d-5e82-bab9-831de4f1abb7,2892f75b-aec5-53d7-bf7d-b3d529046539,丽贝卡,导电,配枪,女,T0,,2026-06-19 14:29:13.611862+00,2026-06-19 14:29:13.611862+00
b663ec24-a79b-5d5e-8ec6-126ac6919d53,2892f75b-aec5-53d7-bf7d-b3d529046539,菲比,衍射,音感仪,女,T0,,2026-06-19 14:29:13.611862+00,2026-06-19 14:29:13.611862+00
b9a66099-5542-5dec-82c0-1e4b587d2b06,6d9435a8-984c-53fe-a467-257b1e9e8811,海瑟音,物理,虚无,女,T0,,2026-06-19 14:29:13.611862+00,2026-06-19 14:29:13.611862+00
ba2ef48e-5143-59cb-8c22-435b67c39cb6,2892f75b-aec5-53d7-bf7d-b3d529046539,坎特蕾拉,湮灭,臂铠,女,T0,,2026-06-19 14:29:13.611862+00,2026-06-19 14:29:13.611862+00
ba71e985-1ef4-5cc4-b97f-c37c2f4eff5b,2892f75b-aec5-53d7-bf7d-b3d529046539,丹瑾,湮灭,迅刀,女,T2,,2026-06-19 14:29:13.611862+00,2026-06-19 14:29:13.611862+00
bc1b1d03-93fe-51cf-a361-8da77a56dfaf,6d9435a8-984c-53fe-a467-257b1e9e8811,开拓者・记忆,冰,记忆,未定,T1,,2026-06-19 14:29:13.611862+00,2026-06-19 14:29:13.611862+00
bc5564ca-ae88-5c64-aeab-27b9859afd42,e9fb62db-2d35-536a-b671-f204968b0b2b,哈尼娅,魂,固态,女,T2,,2026-06-19 14:29:13.611862+00,2026-06-19 14:29:13.611862+00
bedbb346-3368-5684-8f16-d9a63536a3e7,d81251ab-312f-58ca-a1d6-7a6c9d35f98e,爱芮,以太,异常,女,T0,,2026-06-19 14:29:13.611862+00,2026-06-19 14:29:13.611862+00
c2d5888d-7e96-512b-840e-57c5083d12d1,6d9435a8-984c-53fe-a467-257b1e9e8811,吉尔伽美什,雷,毁灭,男,T0,,2026-06-19 14:29:13.611862+00,2026-06-19 14:29:13.611862+00
c45172b7-bf98-5e0b-99ae-f7babca9645f,2892f75b-aec5-53d7-bf7d-b3d529046539,秧秧,气动,迅刀,女,T2,,2026-06-19 14:29:13.611862+00,2026-06-19 14:29:13.611862+00
c4bd2f8d-3a72-5d60-a4a2-ba2faeb16086,6d9435a8-984c-53fe-a467-257b1e9e8811,托帕&账账,火,巡猎,女,T0,,2026-06-19 14:29:13.611862+00,2026-06-19 14:29:13.611862+00
c4e77de8-2abb-57ea-9b92-2f00cf9565a2,6d9435a8-984c-53fe-a467-257b1e9e8811,阿格莱雅,雷,记忆,女,T0,,2026-06-19 14:29:13.611862+00,2026-06-19 14:29:13.611862+00
c6b4a923-a7b4-5c0c-b22b-78d02217fe96,d81251ab-312f-58ca-a1d6-7a6c9d35f98e,薇薇安,以太,异常,女,T0,,2026-06-19 14:29:13.611862+00,2026-06-19 14:29:13.611862+00
c742d01b-7055-5db8-b16f-3a6a939d63b2,f9c23768-c1ad-5afd-bb58-2dd25bebc81b,洁尔佩塔,自然,辅助,女,T0,,2026-06-19 14:29:13.611862+00,2026-06-19 14:29:13.611862+00
c7abcbd3-38a6-5f4a-9f2e-69a368bbc18f,6d9435a8-984c-53fe-a467-257b1e9e8811,大黑塔,冰,智识,女,T0,智识令使,2026-06-19 14:29:13.611862+00,2026-06-19 14:29:13.611862+00
c7c356f9-9312-5e66-8833-a52ff008063e,f9c23768-c1ad-5afd-bb58-2dd25bebc81b,安塔尔,电磁,辅助,男,T3,,2026-06-19 14:29:13.611862+00,2026-06-19 14:29:13.611862+00
cabf993c-dcff-5a7b-9ce4-fe9063e3ee13,d81251ab-312f-58ca-a1d6-7a6c9d35f98e,千夏,物理,支援,女,T0,,2026-06-19 14:29:13.611862+00,2026-06-19 14:29:13.611862+00
cb49918f-b383-5414-afb0-4de5855367a4,6d9435a8-984c-53fe-a467-257b1e9e8811,佩拉,冰,虚无,女,T2,,2026-06-19 14:29:13.611862+00,2026-06-19 14:29:13.611862+00
ccd04ccb-e837-5c8a-8b0a-67b6c85fc836,6d9435a8-984c-53fe-a467-257b1e9e8811,开拓者・毁灭,物理,毁灭,未定,T1,,2026-06-19 14:29:13.611862+00,2026-06-19 14:29:13.611862+00
ce41c8ca-0c14-5b09-bf38-0e7cdc1e2f19,2892f75b-aec5-53d7-bf7d-b3d529046539,千咲,湮灭,长刃,女,T0,,2026-06-19 14:29:13.611862+00,2026-06-19 14:29:13.611862+00
cef2d479-5d9c-5434-86ab-2a31c33f95aa,6d9435a8-984c-53fe-a467-257b1e9e8811,姬子,火,智识,女,T1,,2026-06-19 14:29:13.611862+00,2026-06-19 14:29:13.611862+00
d08d43de-1119-5e77-9a82-51e75288751d,6d9435a8-984c-53fe-a467-257b1e9e8811,乱破,虚数,智识,女,T0,,2026-06-19 14:29:13.611862+00,2026-06-19 14:29:13.611862+00
d16cdec9-424f-5915-a61f-28c5d35ff322,d81251ab-312f-58ca-a1d6-7a6c9d35f98e,艾莲,冰,强攻,女,T0,,2026-06-19 14:29:13.611862+00,2026-06-19 14:29:13.611862+00
d1b8bec8-107c-5c0d-be80-18b177d32c8a,6d9435a8-984c-53fe-a467-257b1e9e8811,彦卿,冰,巡猎,男,T1,,2026-06-19 14:29:13.611862+00,2026-06-19 14:29:13.611862+00
d1e4fabb-97c3-54b1-b933-9cf6577b900f,2892f75b-aec5-53d7-bf7d-b3d529046539,炽霞,热熔,配枪,女,T2,,2026-06-19 14:29:13.611862+00,2026-06-19 14:29:13.611862+00
d2607528-f55a-5209-b9df-df989938e80c,2892f75b-aec5-53d7-bf7d-b3d529046539,椿,湮灭,迅刀,女,T0,,2026-06-19 14:29:13.611862+00,2026-06-19 14:29:13.611862+00
d3b22993-a68d-5444-85a3-182d533d7b4e,6d9435a8-984c-53fe-a467-257b1e9e8811,缇宝,量子,同谐,女,T0,,2026-06-19 14:29:13.611862+00,2026-06-19 14:29:13.611862+00
d3dcdc2c-2831-5770-ad7e-f6d58fa78712,6d9435a8-984c-53fe-a467-257b1e9e8811,寒鸦,物理,同谐,女,T2,,2026-06-19 14:29:13.611862+00,2026-06-19 14:29:13.611862+00
d3e86acf-3603-55da-8b63-56336a125ff3,f9c23768-c1ad-5afd-bb58-2dd25bebc81b,余烬,灼热,重装,女,T1,,2026-06-19 14:29:13.611862+00,2026-06-19 14:29:13.611862+00
d507e539-cada-580e-8915-3ca5cf695a13,d81251ab-312f-58ca-a1d6-7a6c9d35f98e,爱丽丝,物理,异常,女,T0,,2026-06-19 14:29:13.611862+00,2026-06-19 14:29:13.611862+00
d53729fe-0d81-5a51-a13b-f90f2c8bb734,f9c23768-c1ad-5afd-bb58-2dd25bebc81b,弭弗,物理,近卫,女,T0,,2026-06-19 14:29:13.611862+00,2026-06-19 14:29:13.611862+00
d659e052-f741-5181-b770-0cc4b42c94b0,d81251ab-312f-58ca-a1d6-7a6c9d35f98e,卢西娅,以太,支援,女,T0,,2026-06-19 14:29:13.611862+00,2026-06-19 14:29:13.611862+00
d67a7be3-bf13-5e6c-98b4-7e0063c9e9a1,6d9435a8-984c-53fe-a467-257b1e9e8811,杰帕德,冰,存护,男,T1,,2026-06-19 14:29:13.611862+00,2026-06-19 14:29:13.611862+00
d6b9d8f2-6ae4-5062-a887-60509911ce37,f9c23768-c1ad-5afd-bb58-2dd25bebc81b,昼雪,寒冷,重装,女,T2,,2026-06-19 14:29:13.611862+00,2026-06-19 14:29:13.611862+00
d71f3b3d-aed6-509a-bf99-e6d127f4b326,d81251ab-312f-58ca-a1d6-7a6c9d35f98e,普罗米娅,冰,异常,女,T0,,2026-06-19 14:29:13.611862+00,2026-06-19 14:29:13.611862+00
d727d3ab-e9b1-500d-b2a0-18601236a709,d81251ab-312f-58ca-a1d6-7a6c9d35f98e,星徽・比利,物理,命破,男,T0,,2026-06-19 14:29:13.611862+00,2026-06-19 14:29:13.611862+00
d87965da-4567-58fe-86f6-aa4258f69987,6d9435a8-984c-53fe-a467-257b1e9e8811,开拓者・同谐,虚数,同谐,未定,T1,,2026-06-19 14:29:13.611862+00,2026-06-19 14:29:13.611862+00
d8fd72c9-b70e-5e79-b2c9-239426ead474,e9fb62db-2d35-536a-b671-f204968b0b2b,薄荷,灵,液态,女,T2,,2026-06-19 14:29:13.611862+00,2026-06-19 14:29:13.611862+00
dbbc556b-520c-5c22-8736-8647588aaf69,2892f75b-aec5-53d7-bf7d-b3d529046539,仇远,气动,迅刀,男,T0,,2026-06-19 14:29:13.611862+00,2026-06-19 14:29:13.611862+00
dde2340c-13f8-59cf-8c2a-70e916a962bd,e9fb62db-2d35-536a-b671-f204968b0b2b,娜娜莉,灵,等离子,女,T0,,2026-06-19 14:29:13.611862+00,2026-06-19 14:29:13.611862+00
df2e533a-12ad-5686-beeb-350d9657a590,d81251ab-312f-58ca-a1d6-7a6c9d35f98e,席德,电,强攻,女,T0,,2026-06-19 14:29:13.611862+00,2026-06-19 14:29:13.611862+00
df6fb67c-7207-5cc5-9020-e73ab88b1f5b,2892f75b-aec5-53d7-bf7d-b3d529046539,安可,热熔,音感仪,女,T1,,2026-06-19 14:29:13.611862+00,2026-06-19 14:29:13.611862+00
e025cb11-fed3-56cd-bec4-afeafed88947,f9c23768-c1ad-5afd-bb58-2dd25bebc81b,狼卫,灼热,术师,男,T2,,2026-06-19 14:29:13.611862+00,2026-06-19 14:29:13.611862+00
e17135e5-f805-5f2e-aede-914abab980d7,6d9435a8-984c-53fe-a467-257b1e9e8811,加拉赫,火,丰饶,男,T2,,2026-06-19 14:29:13.611862+00,2026-06-19 14:29:13.611862+00
e4609aed-ecd0-5162-aab9-60d3fc3245ec,f9c23768-c1ad-5afd-bb58-2dd25bebc81b,陈千语,物理,近卫,女,T2,,2026-06-19 14:29:13.611862+00,2026-06-19 14:29:13.611862+00
e4639064-8746-5a39-a2e3-fb809d4e73bb,6d9435a8-984c-53fe-a467-257b1e9e8811,貊泽,雷,巡猎,男,T2,,2026-06-19 14:29:13.611862+00,2026-06-19 14:29:13.611862+00
e529aee6-541e-5705-afc0-cbddbbfa6e1d,f9c23768-c1ad-5afd-bb58-2dd25bebc81b,萤石,自然,术师,女,T3,,2026-06-19 14:29:13.611862+00,2026-06-19 14:29:13.611862+00
e691a70e-4b01-5fd8-960f-4c4734cdeb4b,2892f75b-aec5-53d7-bf7d-b3d529046539,今汐,衍射,长刃,女,T0,,2026-06-19 14:29:13.611862+00,2026-06-19 14:29:13.611862+00
e82dd12e-c64c-5284-a6c0-ae1eb27133f0,e9fb62db-2d35-536a-b671-f204968b0b2b,阿德勒,咒,聚合,男,T2,,2026-06-19 14:29:13.611862+00,2026-06-19 14:29:13.611862+00
e8d2a268-4e31-5662-9696-1ff510300ee5,2892f75b-aec5-53d7-bf7d-b3d529046539,爱弥斯,热熔,迅刀,女,T0,,2026-06-19 14:29:13.611862+00,2026-06-19 14:29:13.611862+00
e8dcf83e-3809-51ca-8d22-6e7c98614d5c,f9c23768-c1ad-5afd-bb58-2dd25bebc81b,艾尔黛拉,自然,辅助,女,T1,,2026-06-19 14:29:13.611862+00,2026-06-19 14:29:13.611862+00
e9c4afa0-6c98-5932-9954-9169ed1e948f,6d9435a8-984c-53fe-a467-257b1e9e8811,银狼LV.999,虚数,欢愉,女,T0,欢愉队主C,2026-06-19 14:29:13.611862+00,2026-06-19 14:29:13.611862+00
ed355791-66f1-5d91-b28e-9c721a45b562,6d9435a8-984c-53fe-a467-257b1e9e8811,霍霍,风,丰饶,女,T0,,2026-06-19 14:29:13.611862+00,2026-06-19 14:29:13.611862+00
edf777a2-044c-594b-9336-b1b3cbac2b89,6d9435a8-984c-53fe-a467-257b1e9e8811,丹恒,风,巡猎,男,T2,,2026-06-19 14:29:13.611862+00,2026-06-19 14:29:13.611862+00
eee3a6c0-8ae0-5f47-8af5-a4fdcab7c19f,6d9435a8-984c-53fe-a467-257b1e9e8811,玲可,量子,丰饶,女,T2,,2026-06-19 14:29:13.611862+00,2026-06-19 14:29:13.611862+00
ef2566c5-7470-5b7e-bb6f-bd6066f7f852,2892f75b-aec5-53d7-bf7d-b3d529046539,尤诺,气动,臂铠,女,T0,,2026-06-19 14:29:13.611862+00,2026-06-19 14:29:13.611862+00
ef64cecf-2598-5c02-a834-ba65e2a9e55c,f9c23768-c1ad-5afd-bb58-2dd25bebc81b,骏卫,物理,先锋,男,T1,,2026-06-19 14:29:13.611862+00,2026-06-19 14:29:13.611862+00
f033ff10-3c9c-5c81-8645-0bf1ad2e1a0f,6d9435a8-984c-53fe-a467-257b1e9e8811,银枝,物理,智识,男,T0,,2026-06-19 14:29:13.611862+00,2026-06-19 14:29:13.611862+00
f39746c8-cdf4-5d83-ba34-592a92ee9bfd,f9c23768-c1ad-5afd-bb58-2dd25bebc81b,汤汤,寒冷,术师,女,T0,,2026-06-19 14:29:13.611862+00,2026-06-19 14:29:13.611862+00
f469591e-85d8-527f-9ea7-f8c1c0bbe067,6d9435a8-984c-53fe-a467-257b1e9e8811,昔涟,冰,记忆,女,T0,,2026-06-19 14:29:13.611862+00,2026-06-19 14:29:13.611862+00
f4b7b6d7-fdf2-56ee-b34f-49eb5004554b,2892f75b-aec5-53d7-bf7d-b3d529046539,相里要,导电,臂铠,男,T0,,2026-06-19 14:29:13.611862+00,2026-06-19 14:29:13.611862+00
f4fb37ab-0303-5b4a-b153-7783610ecd75,2892f75b-aec5-53d7-bf7d-b3d529046539,露西,衍射,配枪,女,T0,,2026-06-19 14:29:13.611862+00,2026-06-19 14:29:13.611862+00
f5049b18-ae24-513c-8982-06bc82dc4584,e9fb62db-2d35-536a-b671-f204968b0b2b,早雾,,,女,T1,,2026-06-19 14:29:13.611862+00,2026-06-19 14:29:13.611862+00
f63c3e05-dae0-5047-922f-c34f95ff7806,d81251ab-312f-58ca-a1d6-7a6c9d35f98e,维琳娜,风,异常,女,T0,,2026-06-19 14:29:13.611862+00,2026-06-19 14:29:13.611862+00
f670ea96-df0d-5544-babc-2b3cfede16c5,6d9435a8-984c-53fe-a467-257b1e9e8811,远坂凛,量子,智识,女,T0,,2026-06-19 14:29:13.611862+00,2026-06-19 14:29:13.611862+00
f6ddc212-ef25-5c03-96b3-ca45b5e66c32,6d9435a8-984c-53fe-a467-257b1e9e8811,丹恒・饮月,虚数,毁灭,男,T0,,2026-06-19 14:29:13.611862+00,2026-06-19 14:29:13.611862+00
f7a68b9a-224f-5e6b-bbf3-32998fcdfe46,2892f75b-aec5-53d7-bf7d-b3d529046539,珂莱塔,冷凝,配枪,女,T0,,2026-06-19 14:29:13.611862+00,2026-06-19 14:29:13.611862+00
f8037fef-ce03-57b4-8419-d7f0faa99118,d81251ab-312f-58ca-a1d6-7a6c9d35f98e,叶瞬光,物理,强攻,女,T0,虚狩，凛刃（物理）,2026-06-19 14:29:13.611862+00,2026-06-19 14:29:13.611862+00
f80f8bcc-4a86-5a54-bcc9-bf321b25ad4d,6d9435a8-984c-53fe-a467-257b1e9e8811,云璃,物理,毁灭,女,T0,,2026-06-19 14:29:13.611862+00,2026-06-19 14:29:13.611862+00
f8f4caea-4504-5bee-ba2c-3f73d614d825,e9fb62db-2d35-536a-b671-f204968b0b2b,翳,相,气态,男,T2,,2026-06-19 14:29:13.611862+00,2026-06-19 14:29:13.611862+00
fa334f9f-47e5-5d06-82b7-c3c80d7fee1e,6d9435a8-984c-53fe-a467-257b1e9e8811,姬子•启行,火,智识,女,T0,,2026-06-19 14:29:13.611862+00,2026-06-19 14:29:13.611862+00
fa344a2c-87b6-5040-aaac-4a10a29a3e61,e9fb62db-2d35-536a-b671-f204968b0b2b,安魂曲,暗,液态,女,T0,,2026-06-19 14:29:13.611862+00,2026-06-19 14:29:13.611862+00
fb27f954-d8b9-5e3a-83d5-1c1016a35272,f9c23768-c1ad-5afd-bb58-2dd25bebc81b,莱万汀,灼热,突击,女,T0,,2026-06-19 14:29:13.611862+00,2026-06-19 14:29:13.611862+00
fc51c66f-a1b3-5935-bbb7-2bbe19e62233,d81251ab-312f-58ca-a1d6-7a6c9d35f98e,狛野真斗,火,命破,男,T2,,2026-06-19 14:29:13.611862+00,2026-06-19 14:29:13.611862+00
fe3bb351-0c1d-5497-b89e-fc2a9169eb90,6d9435a8-984c-53fe-a467-257b1e9e8811,三月七（巡猎）,虚数,巡猎,女,T2,,2026-06-19 14:29:13.611862+00,2026-06-19 14:29:13.611862+00
fe90b54a-0f0c-54d4-be9e-791e1d9e3d6d,d81251ab-312f-58ca-a1d6-7a6c9d35f98e,浅羽悠真,电,强攻,男,T0,,2026-06-19 14:29:13.611862+00,2026-06-19 14:29:13.611862+00
ff2b015a-6ab2-53de-8da9-ade051bc5fff,2892f75b-aec5-53d7-bf7d-b3d529046539,陆·赫斯,衍射,臂铠,男,T0,,2026-06-19 14:29:13.611862+00,2026-06-19 14:29:13.611862+00