id,party_id,slot_no,character_id,member_name_raw,member_role,created_at
0be69abb-a75e-572a-9098-cd944176f8a3,22424956-2db5-5fb3-8a38-a66202b7098e,2,ef2566c5-7470-5b7e-bb6f-bd6066f7f852,尤诺,,2026-06-19 14:29:13.611862+00
0c527fb0-e6c9-52e3-9663-93972cbb5b1c,02400776-142e-50eb-a470-a3543c551781,3,b2dcd0bb-c9f9-5cb7-91bd-b912796d4b37,维里奈,,2026-06-19 14:29:13.611862+00
1219ea03-d009-5df8-ad52-81cbe399f20f,663cbb7f-de4e-5eac-83c1-6154e6aeea38,1,1b7c1597-3da4-5694-b728-aa6804ebbc00,火花,,2026-06-19 14:29:13.611862+00
1b304f97-592e-5346-b4f3-c480eda68990,015a0759-9cf3-5386-b398-db2cad0bc795,2,8ce6c61c-d791-5c63-9cfd-acebdabcb03b,夏空,,2026-06-19 14:29:13.611862+00
1d83af5c-124b-5b9f-8b1d-053197a2e5f9,937057bc-0fcc-58d0-99d6-490e4998ec69,4,1edc210d-b417-5af5-bc57-418fc1b438d9,九原,,2026-06-19 14:29:13.611862+00
22051679-aa87-5029-8ece-8e4d2fc6885b,0f367dda-901e-54b9-b82d-0a6a8521ea89,2,c6b4a923-a7b4-5c0c-b22b-78d02217fe96,薇薇安,,2026-06-19 14:29:13.611862+00
2478d0af-c1c4-568d-b304-9a00e72c5825,11595709-4cb5-59b9-8a17-d84162b27efd,3,,开拓者•记忆,,2026-06-19 14:29:13.611862+00
2af351eb-c726-5435-8626-6907ef20963c,4f906020-4c6a-587b-926a-6df216e9b701,3,984ef995-20d6-5a1c-b69f-98303f7595ce,秋栗,,2026-06-19 14:29:13.611862+00
2de3ba04-6932-5988-9eaf-6a8efef6a6d8,02400776-142e-50eb-a470-a3543c551781,2,ba2ef48e-5143-59cb-8c22-435b67c39cb6,坎特蕾拉,,2026-06-19 14:29:13.611862+00
2e5ccb78-5ec7-5ea5-81f9-69e2d029fd25,cb9293f6-bd79-5b2f-8775-8eb0a329d1d8,2,dbbc556b-520c-5c22-8736-8647588aaf69,仇远,,2026-06-19 14:29:13.611862+00
33754752-7b8c-5a42-811b-9ec0955ef1b5,b285934c-9be5-529e-bd50-ba8b1b0ddcab,3,f39746c8-cdf4-5d83-ba34-592a92ee9bfd,汤汤,,2026-06-19 14:29:13.611862+00
3acd6011-3b44-5e07-b0d0-dc695ccaeb09,6d93f835-f2a8-5d6a-ab2a-ef2cf2fb295c,1,8d0929fe-639b-5acc-bec8-59cbb456147a,白厄,,2026-06-19 14:29:13.611862+00
3c28d02c-7668-5d4d-8448-a108450c78b1,63f38255-9431-54db-9b31-a8d77ff5ddec,3,74c05933-69be-5782-b2db-af4df8970d7f,莫宁,,2026-06-19 14:29:13.611862+00
426e702a-9fc9-514d-ad5f-3a244150af9a,6d93f835-f2a8-5d6a-ab2a-ef2cf2fb295c,4,1c106691-5a1c-547a-bfe9-eca000ec5b37,丹恒•腾荒,,2026-06-19 14:29:13.611862+00
46933a0f-5dd8-518f-aea2-6cd5dd25f3b1,2e472e62-a6b3-53a0-bc4e-9a161fe6cfe1,1,7a7ceed0-e416-55ff-a482-2cbc91099184,伊冯,,2026-06-19 14:29:13.611862+00
46f10b53-a4ea-54e4-8db3-98fdf97dbdfa,3cebe24c-01e8-511b-84a8-c67e9f3201a7,1,fa344a2c-87b6-5040-aaac-4a10a29a3e61,安魂曲,,2026-06-19 14:29:13.611862+00
4c4b4ade-3680-565d-a5fd-fd96800d4f7c,0e5d1d8d-0b62-5286-b5ee-a5270e7ea734,1,3e28e816-4315-58f8-95c7-3c2397ea184b,弗洛洛,,2026-06-19 14:29:13.611862+00
4dd8da47-abec-5b36-bff6-c0981f88b91f,a675b69b-d353-5b93-adad-e2afd90ecba0,4,ed355791-66f1-5d91-b28e-9c721a45b562,霍霍,,2026-06-19 14:29:13.611862+00
51a92f8a-cefa-5f04-aaf2-38a736ae5a54,094d2de5-38fa-58e8-be06-f264699c1ff8,3,3c9b7e76-9d1e-5078-a7bf-c0dc07d72693,守岸人,,2026-06-19 14:29:13.611862+00
5698af8f-dbe0-5e28-b823-7377d36abab2,7e2fb2d0-20c6-552d-acfb-9b64e472ea4e,2,55232140-70cf-50ed-881c-47635c369db7,大丽花,,2026-06-19 14:29:13.611862+00
5706ec2a-7397-5d46-bf79-f7b315e970eb,b285934c-9be5-529e-bd50-ba8b1b0ddcab,1,5b28eb8d-9693-57da-8dc0-ee51b4abc91f,别礼,,2026-06-19 14:29:13.611862+00
57cef087-5f85-5aa1-bf90-efdec9021aaf,b3f9d04e-3ce8-531d-b0db-c212fde913a3,1,e8d2a268-4e31-5662-9696-1ff510300ee5,爱弥斯,,2026-06-19 14:29:13.611862+00
591b4aa2-16cb-5474-b7ca-2513f50b5865,0e5d1d8d-0b62-5286-b5ee-a5270e7ea734,3,b2ff5a83-16d7-5788-86a0-bf79a9161692,洛可可,,2026-06-19 14:29:13.611862+00
5938c3cc-f554-533b-9388-4a76d6e1e5bd,b9aaeeda-c9f9-5966-8f7e-30b4733a889c,1,503275d8-3665-531b-b27a-5c36fff908e0,庄方宜,,2026-06-19 14:29:13.611862+00
5b8ad524-4cd6-5845-8cc3-cf44a51766ed,b7248499-250c-508d-ace9-8f6e622b0aa0,3,f469591e-85d8-527f-9ea7-f8c1c0bbe067,昔涟,,2026-06-19 14:29:13.611862+00
5cd372d9-5ac4-5b2c-ae4d-31960f5e5191,4f906020-4c6a-587b-926a-6df216e9b701,2,e025cb11-fed3-56cd-bec4-afeafed88947,狼卫,,2026-06-19 14:29:13.611862+00
5d5ed770-28a3-5a1b-8c74-740ce3d47f17,7bfc54dd-bc46-54df-b9ca-fa585def853d,1,8d0929fe-639b-5acc-bec8-59cbb456147a,白厄,,2026-06-19 14:29:13.611862+00
5debe801-4a8a-599f-a557-6f87b49902b9,3cebe24c-01e8-511b-84a8-c67e9f3201a7,4,3b284e21-a926-5842-9ab2-eebb774673e9,法蒂娅,,2026-06-19 14:29:13.611862+00
5f264dcc-cf65-50fc-9752-34b8a9e6c5fc,7e2fb2d0-20c6-552d-acfb-9b64e472ea4e,1,042bfe28-e547-5fe1-84a6-69ec68193cb6,流萤,,2026-06-19 14:29:13.611862+00
5f3f0f71-d7a8-5fab-a386-5c299a6a6a6f,11595709-4cb5-59b9-8a17-d84162b27efd,2,48f5b0ea-4c68-5d29-8e43-8834cc3600af,长夜月,,2026-06-19 14:29:13.611862+00
63a548a2-8484-51f9-874d-53bbf03b8bd5,09118750-e2b0-5201-a59d-659eb608d550,1,1b7c1597-3da4-5694-b728-aa6804ebbc00,火花,,2026-06-19 14:29:13.611862+00
64084895-8237-5ce8-970e-4f4f42610f5e,b9aaeeda-c9f9-5966-8f7e-30b4733a889c,3,26dd0477-a8ac-51a2-9fb5-582831a946c0,弧光,,2026-06-19 14:29:13.611862+00
680a7b76-fdb6-5ede-98a9-31fae68ef489,6d93f835-f2a8-5d6a-ab2a-ef2cf2fb295c,2,7f663da3-4b8f-5fb8-9786-2ecada264897,刻律德菈,,2026-06-19 14:29:13.611862+00
686f5521-afe1-5749-9046-ab1663873c3e,0e5d1d8d-0b62-5286-b5ee-a5270e7ea734,2,ba2ef48e-5143-59cb-8c22-435b67c39cb6,坎特蕾拉,,2026-06-19 14:29:13.611862+00
69f8f435-1dbd-598b-838d-bdadd7a7c935,d332860e-869e-52e7-81ff-c5e803de7e85,1,9bd73d74-b7f9-5422-a55a-95b0e39ec7b0,嘉贝莉娜,,2026-06-19 14:29:13.611862+00
6bd5a1dd-b872-5282-9a28-5dd9b00f8431,7bfc54dd-bc46-54df-b9ca-fa585def853d,3,f469591e-85d8-527f-9ea7-f8c1c0bbe067,昔涟,,2026-06-19 14:29:13.611862+00
6f14c120-5096-53ac-a444-38208d9885ca,494bab5d-77fd-53be-be90-511289c6aa64,1,a2e885de-e3b0-5970-89c5-073561d2f870,Archer,,2026-06-19 14:29:13.611862+00
712b0121-5507-5c29-89ab-90b9a43a6bad,22424956-2db5-5fb3-8a38-a66202b7098e,1,ad5726ea-f4a0-52ee-b2df-d293a43a87ad,奥古斯塔,,2026-06-19 14:29:13.611862+00
7161c7d1-6bdc-5421-8e9c-2c7bf7f5b2b4,094d2de5-38fa-58e8-be06-f264699c1ff8,1,3e28e816-4315-58f8-95c7-3c2397ea184b,弗洛洛,,2026-06-19 14:29:13.611862+00
75d9832d-eec3-5f10-9217-48051c638d9a,b3f9d04e-3ce8-531d-b0db-c212fde913a3,3,ce41c8ca-0c14-5b09-bf38-0e7cdc1e2f19,千咲,,2026-06-19 14:29:13.611862+00
7ade7fd4-4c85-5c4d-9f4b-8c564d07931b,63f38255-9431-54db-9b31-a8d77ff5ddec,2,585dc66a-1892-54c1-ba49-23b4b17ce7fb,琳奈,,2026-06-19 14:29:13.611862+00
7afd333f-21ae-589b-bd97-99e2e2d435bc,015a0759-9cf3-5386-b398-db2cad0bc795,3,ce41c8ca-0c14-5b09-bf38-0e7cdc1e2f19,千咲,,2026-06-19 14:29:13.611862+00
7bc22344-7b98-5b68-bcb3-1b67e5999081,7e2fb2d0-20c6-552d-acfb-9b64e472ea4e,3,acca0932-e8dd-51a6-af31-ba1286f947ca,忘归人,,2026-06-19 14:29:13.611862+00
7d8391a4-40d0-5494-89d3-2fc68a66e111,663cbb7f-de4e-5eac-83c1-6154e6aeea38,2,24025e8d-05d2-570f-93fd-0b8b005fa3c6,爻光,,2026-06-19 14:29:13.611862+00
827c5d26-e5cc-5bf3-8baf-072cd42964db,ac082a9c-6fc3-5905-8dcc-78a6fd851ffc,1,d71f3b3d-aed6-509a-bf99-e6d127f4b326,普罗米娅,,2026-06-19 14:29:13.611862+00
85066676-891c-5aa6-b32f-a085b4bafbd2,6d93f835-f2a8-5d6a-ab2a-ef2cf2fb295c,3,f469591e-85d8-527f-9ea7-f8c1c0bbe067,昔涟,,2026-06-19 14:29:13.611862+00
8737c875-6b68-557d-8c1d-e77f2f8fe6d1,ac082a9c-6fc3-5905-8dcc-78a6fd851ffc,3,1cb8defd-b395-5679-a5a4-e47308ff7fad,浮波柚叶,,2026-06-19 14:29:13.611862+00
8cb3e914-3e5d-5a76-8667-1df7b3ed6660,a81d90da-62f7-5b1a-bc75-4df5b506b175,2,585dc66a-1892-54c1-ba49-23b4b17ce7fb,琳奈,,2026-06-19 14:29:13.611862+00
8d537ff1-2cb8-588b-8ac9-f8053f20dadf,b285934c-9be5-529e-bd50-ba8b1b0ddcab,4,c742d01b-7055-5db8-b16f-3a6a939d63b2,洁尔佩塔,,2026-06-19 14:29:13.611862+00
91eab390-7778-54f1-91f6-f5ac2d6c62b9,7bfc54dd-bc46-54df-b9ca-fa585def853d,4,1c106691-5a1c-547a-bfe9-eca000ec5b37,丹恒•腾荒,,2026-06-19 14:29:13.611862+00
9423bd18-e863-53d4-868a-e739c2864d7f,4f906020-4c6a-587b-926a-6df216e9b701,4,e8dcf83e-3809-51ca-8d22-6e7c98614d5c,艾尔黛拉,,2026-06-19 14:29:13.611862+00
949240a5-1b51-5226-a1e8-78b32ac7fc3a,b3f9d04e-3ce8-531d-b0db-c212fde913a3,2,585dc66a-1892-54c1-ba49-23b4b17ce7fb,琳奈,,2026-06-19 14:29:13.611862+00
94dd37d9-a633-5c49-aaa1-fc3d59bb429a,b7248499-250c-508d-ace9-8f6e622b0aa0,4,62a74bc6-9fa3-5039-a723-c23e708ed641,风堇,,2026-06-19 14:29:13.611862+00
9597f33b-5b89-569f-952f-d29ffab794e4,09118750-e2b0-5201-a59d-659eb608d550,2,e9c4afa0-6c98-5932-9954-9169ed1e948f,银狼LV.999,,2026-06-19 14:29:13.611862+00
97c84e27-6ea3-5435-a9dd-e1c613dead74,0f367dda-901e-54b9-b82d-0a6a8521ea89,1,d71f3b3d-aed6-509a-bf99-e6d127f4b326,普罗米娅,,2026-06-19 14:29:13.611862+00
995b66a1-0602-5fe5-bc59-1f4e853445b8,937057bc-0fcc-58d0-99d6-490e4998ec69,3,59a94d83-c4ac-58bd-a493-31c90d44d1f5,鉴定师（光）,,2026-06-19 14:29:13.611862+00
9b9573bc-35d9-52a2-931a-f66da16e2da4,d332860e-869e-52e7-81ff-c5e803de7e85,2,dbbc556b-520c-5c22-8736-8647588aaf69,仇远,,2026-06-19 14:29:13.611862+00
9cad08a0-139a-52b7-a6a0-aa41a714a809,09118750-e2b0-5201-a59d-659eb608d550,4,ed355791-66f1-5d91-b28e-9c721a45b562,霍霍,,2026-06-19 14:29:13.611862+00
9dae915a-deba-5892-bf1f-bc25a88ae9de,a675b69b-d353-5b93-adad-e2afd90ecba0,3,24025e8d-05d2-570f-93fd-0b8b005fa3c6,爻光,,2026-06-19 14:29:13.611862+00
a015194e-bed2-5592-b7ac-b118055caf51,6acac7fe-9973-5665-a2c4-0d4aafa3dd33,3,5ee4d55d-07d9-54c2-8acf-2128c903a0e1,卜灵,,2026-06-19 14:29:13.611862+00
ac5f921e-0f7d-589f-b8f0-2270ae2cf3ae,94a4fbb6-9523-5ced-99ed-a13871ab3664,1,47305e8e-ea33-5749-a009-0a036efde169,小吱,,2026-06-19 14:29:13.611862+00
af0e2744-667f-5dcc-9c6a-32f71c791ff2,4f906020-4c6a-587b-926a-6df216e9b701,1,fb27f954-d8b9-5e3a-83d5-1c1016a35272,莱万汀,,2026-06-19 14:29:13.611862+00
ba9b2477-ebe5-5158-9081-d3ac7eced20d,b9aaeeda-c9f9-5966-8f7e-30b4733a889c,2,5784ce92-7095-59f5-bf88-13bf5273bd45,佩丽卡,,2026-06-19 14:29:13.611862+00
baad7f81-b1bb-516b-9262-c1c071a16aad,937057bc-0fcc-58d0-99d6-490e4998ec69,1,dde2340c-13f8-59cf-8c2a-70e916a962bd,娜娜莉,,2026-06-19 14:29:13.611862+00
bafec2a8-6c9f-563d-8faf-0837518d5a9a,7bfc54dd-bc46-54df-b9ca-fa585def853d,2,7f663da3-4b8f-5fb8-9786-2ecada264897,刻律德菈,,2026-06-19 14:29:13.611862+00
bb63b0dd-c415-5c07-ace5-80047f687812,cb9293f6-bd79-5b2f-8775-8eb0a329d1d8,1,06ab1012-0dde-559f-90c1-ced66f9d6cff,西格莉卡,,2026-06-19 14:29:13.611862+00
bd7c2b07-720d-5320-81a0-9fd4f82cbe4f,02400776-142e-50eb-a470-a3543c551781,1,3e28e816-4315-58f8-95c7-3c2397ea184b,弗洛洛,,2026-06-19 14:29:13.611862+00
bf2c8d95-d211-5317-aa92-ba059f0011c5,3cebe24c-01e8-511b-84a8-c67e9f3201a7,2,f5049b18-ae24-513c-8982-06bc82dc4584,早雾,,2026-06-19 14:29:13.611862+00
bf74ba8d-cc8e-50a8-a613-ec292fb40acf,ac082a9c-6fc3-5905-8dcc-78a6fd851ffc,2,7617d8b4-8d3c-5f99-8a79-ad4f0f63f565,南宫羽,,2026-06-19 14:29:13.611862+00
cc8931d3-8323-50b1-9e9c-1a7b30478818,a81d90da-62f7-5b1a-bc75-4df5b506b175,1,e8d2a268-4e31-5662-9696-1ff510300ee5,爱弥斯,,2026-06-19 14:29:13.611862+00
cf09054c-f76f-57e3-be22-e1dd3fc81859,1ed4aa1a-19ab-5cf7-95dd-2f54a0d0b30c,2,dbbc556b-520c-5c22-8736-8647588aaf69,仇远,,2026-06-19 14:29:13.611862+00
d3794182-d7c1-5e01-afbd-4d3b19ae026a,094d2de5-38fa-58e8-be06-f264699c1ff8,2,ba2ef48e-5143-59cb-8c22-435b67c39cb6,坎特蕾拉,,2026-06-19 14:29:13.611862+00
d4f3fbc2-a799-51ed-b05e-8c551beb0b40,1e832b1d-a8eb-55d2-bbed-fc1fe2846677,1,9438321c-2eb4-51ec-87b8-3b36b7ebd070,Saber,,2026-06-19 14:29:13.611862+00
d7951496-23c0-5337-9f87-87c75361ac89,a675b69b-d353-5b93-adad-e2afd90ecba0,2,e9c4afa0-6c98-5932-9954-9169ed1e948f,银狼LV.999,,2026-06-19 14:29:13.611862+00
daa22af4-eb97-53d7-8988-e1fc1a94b7e9,cb9293f6-bd79-5b2f-8775-8eb0a329d1d8,3,3c9b7e76-9d1e-5078-a7bf-c0dc07d72693,守岸人,,2026-06-19 14:29:13.611862+00
dadd2d1f-2b9f-5fbd-a23f-3f5e65d91ffb,63f38255-9431-54db-9b31-a8d77ff5ddec,1,e8d2a268-4e31-5662-9696-1ff510300ee5,爱弥斯,,2026-06-19 14:29:13.611862+00
dc99a080-26be-534f-b1a0-1c874a8a5d6f,b285934c-9be5-529e-bd50-ba8b1b0ddcab,2,b3145bf6-d9a8-5098-a287-5a04222262af,赛希,,2026-06-19 14:29:13.611862+00
de1f2dc3-b346-5532-b4f2-af10edce766a,b7248499-250c-508d-ace9-8f6e622b0aa0,1,94871ba8-f12e-51e3-9890-2935b4b3de73,遐蝶,,2026-06-19 14:29:13.611862+00
e2aae726-b473-50d4-9b8f-cc2efb45b62b,3cebe24c-01e8-511b-84a8-c67e9f3201a7,3,25474691-0f98-5bfc-a061-a7f1c615a452,达芙蒂尔,,2026-06-19 14:29:13.611862+00
e6d273f4-6b36-5072-b10c-082e80f61ab4,937057bc-0fcc-58d0-99d6-490e4998ec69,2,9b7b16b5-3859-5b3c-b389-656fece3ab32,浔,,2026-06-19 14:29:13.611862+00
e7ab69c2-7b5a-5f88-ac40-77c836a92446,11595709-4cb5-59b9-8a17-d84162b27efd,4,62a74bc6-9fa3-5039-a723-c23e708ed641,风堇,,2026-06-19 14:29:13.611862+00
e8ad614c-6010-534c-8ef8-f8450eef50cf,7e2fb2d0-20c6-552d-acfb-9b64e472ea4e,4,a82e5abc-06e6-59dc-8399-16b7007c2e7f,灵砂,,2026-06-19 14:29:13.611862+00
e9c95dda-d4ea-5e14-a740-b87e884da99b,d332860e-869e-52e7-81ff-c5e803de7e85,3,3c9b7e76-9d1e-5078-a7bf-c0dc07d72693,守岸人,,2026-06-19 14:29:13.611862+00
e9d05c7f-bd56-5593-84fb-85da910398f5,663cbb7f-de4e-5eac-83c1-6154e6aeea38,4,1c106691-5a1c-547a-bfe9-eca000ec5b37,丹恒•腾荒,,2026-06-19 14:29:13.611862+00
ec9bd971-bade-5f09-a234-eb8b6ed1505a,a675b69b-d353-5b93-adad-e2afd90ecba0,1,1b7c1597-3da4-5694-b728-aa6804ebbc00,火花,,2026-06-19 14:29:13.611862+00
ed06ceca-5319-511e-afa7-e6d991b368c9,b7248499-250c-508d-ace9-8f6e622b0aa0,2,48f5b0ea-4c68-5d29-8e43-8834cc3600af,长夜月,,2026-06-19 14:29:13.611862+00
effc0bd7-499a-55dc-814a-9b91daab21c5,015a0759-9cf3-5386-b398-db2cad0bc795,1,7d80c986-c9a1-5f76-8b3c-3e82cfc19d51,卡提希娅,,2026-06-19 14:29:13.611862+00
f30e0be2-a161-5581-9e92-b04a5c1bdf45,b9aaeeda-c9f9-5966-8f7e-30b4733a889c,4,d3e86acf-3603-55da-8b63-56336a125ff3,余烬,,2026-06-19 14:29:13.611862+00
f42583c5-16ea-5ff3-a12c-f9d51de2cfab,1ed4aa1a-19ab-5cf7-95dd-2f54a0d0b30c,3,3c9b7e76-9d1e-5078-a7bf-c0dc07d72693,守岸人,,2026-06-19 14:29:13.611862+00
f47d5e97-c962-5f43-8f44-b2ca8dedf39b,1ed4aa1a-19ab-5cf7-95dd-2f54a0d0b30c,1,9bd73d74-b7f9-5422-a55a-95b0e39ec7b0,嘉贝莉娜,,2026-06-19 14:29:13.611862+00
f4d379dd-746c-5960-ad2f-60384c44476f,0f367dda-901e-54b9-b82d-0a6a8521ea89,3,1cb8defd-b395-5679-a5a4-e47308ff7fad,浮波柚叶,,2026-06-19 14:29:13.611862+00
f5a95398-e99d-5e17-99d5-7cfff48f950c,09118750-e2b0-5201-a59d-659eb608d550,3,24025e8d-05d2-570f-93fd-0b8b005fa3c6,爻光,,2026-06-19 14:29:13.611862+00
f960df38-ec7e-5c65-9bab-820c91ba36ff,663cbb7f-de4e-5eac-83c1-6154e6aeea38,3,b5e20058-18a0-565b-942c-c655232ef432,花火,,2026-06-19 14:29:13.611862+00
fd63e295-2277-56e1-a70a-7b1fe80b1c0d,11595709-4cb5-59b9-8a17-d84162b27efd,1,94871ba8-f12e-51e3-9890-2935b4b3de73,遐蝶,,2026-06-19 14:29:13.611862+00